node_id,building_density,mean_centroid_distance,poi_count,poi_density,poi_diversity
34,0.0,0.0,0,0.0,0.0
19,0.0,0.0,0,0.0,0.0
20,0.0,0.0,0,0.0,0.0
54,0.0,0.0,0,0.0,0.0
21,0.0,0.0,0,0.0,0.0
38,0.0,0.0,0,0.0,0.0
105,0.0,0.0,0,0.0,0.0
49,0.0,0.0,0,0.0,0.0
50,0.0,0.0,0,0.0,0.0
52,0.0,0.0,0,0.0,0.0
10,0.0,0.0,0,0.0,0.0
46,0.0,0.0,0,0.0,0.0
11,0.0,0.0,0,0.0,0.0
68,0.0,0.0,0,0.0,0.0
126,0.0,0.0,0,0.0,0.0
171,0.0,0.0,0,0.0,0.0
149,0.0,0.0,0,0.0,0.0
181,0.0,0.0,1,2.9253022227393397e-05,0.0
148,0.0,0.0,1,5.466760096829972e-05,0.0
139,0.08656722842673674,47.84238797599516,0,0.0,0.0
104,0.0,0.0,1,9.178421113791431e-05,0.0
216,0.0,0.0,0,0.0,0.0
107,0.0,0.0,0,0.0,0.0
207,0.0,0.0,0,0.0,0.0
194,0.15857606703539037,0.0,0,0.0,0.0
138,0.35337236434903585,0.0,0,0.0,0.0
111,0.0,0.0,1,0.0011955640877695836,0.0
131,0.020130026659723136,0.0,0,0.0,0.0
53,0.0,0.0,0,0.0,0.0
51,0.0,0.0,0,0.0,0.0
157,0.0,0.0,0,0.0,0.0
161,0.04737182795862265,0.0,0,0.0,0.0
231,0.0,0.0,0,0.0,0.0
28,0.0,0.0,0,0.0,0.0
79,0.0,0.0,0,0.0,0.0
26,0.0,0.0,0,0.0,0.0
27,0.0,0.0,0,0.0,0.0
117,0.0,0.0,0,0.0,0.0
39,0.0,0.0,0,0.0,0.0
13,0.0,0.0,0,0.0,0.0
134,0.0,0.0,4,0.0003223797923465195,0.0
12,0.0,0.0,0,0.0,0.0
45,4.0453842063923615e-05,0.0,0,0.0,0.0
44,0.0,0.0,1,3.389816060490494e-05,0.0
119,0.0,0.0,0,0.0,0.0
58,0.0,0.0,0,0.0,0.0
106,0.0,0.0,0,0.0,0.0
120,0.0,0.0,0,0.0,0.0
151,0.0,0.0,0,0.0,0.0
154,0.0,0.0,0,0.0,0.0
116,0.0,0.0,0,0.0,0.0
118,0.0,0.0,0,0.0,0.0
123,0.0,0.0,0,0.0,0.0
74,0.0,0.0,1,8.793718145238732e-05,0.0
78,0.0,0.0,0,0.0,0.0
137,0.0,0.0,0,0.0,0.0
110,0.15719870299134134,0.0,0,0.0,0.0
127,0.0,0.0,0,0.0,0.0
158,0.0,0.0,0,0.0,0.0
136,0.0,0.0,0,0.0,0.0
175,0.17814734272382796,29.293619018527576,0,0.0,0.0
159,0.0,0.0,0,0.0,0.0
128,0.0,0.0,0,0.0,0.0
176,0.0,0.0,0,0.0,0.0
169,0.03898058006962026,0.0,0,0.0,0.0
173,0.00700086678702576,0.0,0,0.0,0.0
170,0.0,0.0,0,0.0,0.0
215,0.0,0.0,0,0.0,0.0
196,0.0,0.0,0,0.0,0.0
193,0.0,0.0,0,0.0,0.0
180,0.0,0.0,0,0.0,0.0
182,0.0,0.0,0,0.0,0.0
213,0.0,0.0,0,0.0,0.0
108,0.0,0.0,1,0.00033946328372830184,0.0
122,0.0,0.0,0,0.0,0.0
201,0.0,0.0,2,0.0004672706581296781,0.0
396,0.0,0.0,0,0.0,0.0
406,0.0,0.0,0,0.0,0.0
218,0.0,0.0,0,0.0,0.0
310,0.0,0.0,1,5.3167846733418855e-05,0.0
236,0.0,0.0,1,0.00012650463230571887,0.0
202,0.26088966613524184,50.880070388063174,0,0.0,0.0
220,0.0,0.0,0,0.0,0.0
313,0.0,0.0,2,0.0003072435683009544,0.0
192,0.0,0.0,4,0.00101387180130802,0.0
206,0.0,0.0,1,3.9472016133372874e-05,0.0
195,0.0,0.0,0,0.0,0.0
341,0.0,0.0,0,0.0,0.0
365,0.0,0.0,1,0.0005416378764064629,0.0
222,0.0,0.0,0,0.0,0.0
198,0.030242215455615742,0.0,0,0.0,0.0
267,0.0,0.0,1,0.0005365226563474685,0.0
239,0.0,0.0,0,0.0,0.0
235,0.0,0.0,0,0.0,0.0
187,0.0,0.0,0,0.0,0.0
262,0.11839233529094483,0.0,0,0.0,0.0
199,0.0,0.0,1,0.0007183522265647209,0.0
347,0.0,0.0,0,0.0,0.0
368,0.0,0.0,0,0.0,0.0
342,0.0,0.0,0,0.0,0.0
403,0.0,0.0,0,0.0,0.0
404,0.0,0.0,0,0.0,0.0
397,0.0,0.0,0,0.0,0.0
363,0.0,0.0,10,0.00048235282551494445,0.0
384,0.0,0.0,0,0.0,0.0
395,0.0,0.0,0,0.0,0.0
348,0.0,0.0,0,0.0,0.0
253,0.0,0.0,19,0.0006664622578909626,0.0
290,0.0,0.0,6,0.00038099081711025196,0.0
354,0.0,0.0,7,0.0007313212321061254,0.0
217,0.0,0.0,0,0.0,0.0
423,0.0,0.0,2,0.0021840109913250478,0.0
370,0.0,0.0,13,0.00292375333467351,0.0
340,0.0,0.0,0,0.0,0.0
364,0.0,0.0,9,0.0022748902266795305,0.0
326,0.0,0.0,5,0.000374560688822353,0.0
369,0.0,0.0,0,0.0,0.0
362,0.0,0.0,1,6.461883257932403e-05,0.0
431,0.0,0.0,0,0.0,0.0
212,0.0020970980454560555,0.0,3,0.00098600228763423,0.0
255,0.25708733854175136,79.99365050813243,4,0.0004458948516953865,0.0
249,0.38842839047728245,21.108080052709422,2,0.0007819431978675552,0.0
214,0.0,0.0,2,0.0004691587914927915,0.0
238,0.0,0.0,0,0.0,0.0
248,0.0,0.0,2,0.0010597723731382276,0.0
261,0.3383076406839585,36.874330283571105,10,0.0010532553128513535,0.0
279,0.0,0.0,6,0.004348940376102125,0.0
247,0.0,0.0,1,0.0005061534491934465,0.0
260,0.18563720539861656,0.0,9,0.0010944858479633832,0.0
268,0.11200723042327022,0.0,6,0.0020468053502608217,0.0
277,0.15720015479382873,0.0,5,0.0004621346890781235,0.0
329,0.026034505827176795,52.76725094024932,3,0.0006293175601852846,0.0
327,0.0,0.0,0,0.0,0.0
331,0.4022805910620879,91.4167858242714,5,0.0007138873865112121,0.0
304,0.0,0.0,4,0.0011835698057681104,0.0
288,0.0,0.0,7,0.0024231339054870938,0.0
294,0.06049701984806704,34.89086330805247,19,0.0029078298105957817,0.0
293,0.0,0.0,7,0.0010520315317931023,0.0
321,0.0,0.0,0,0.0,0.0
345,0.0,0.0,0,0.0,0.0
289,0.0,0.0,3,0.001057752506980558,0.0
375,0.24139623511917968,0.0,0,0.0,0.0
336,0.09227975226532992,0.0,12,0.0029612351750766294,0.0
307,0.0,0.0,0,0.0,0.0
334,0.0,0.0,0,0.0,0.0
339,0.0,0.0,0,0.0,0.0
346,0.0,0.0,0,0.0,0.0
353,0.020595437371638596,0.0,1,0.0006826593298483731,0.0
328,0.0,0.0,2,0.0006041951071158332,0.0
332,0.0,0.0,0,0.0,0.0
376,0.0,0.0,0,0.0,0.0
422,0.0,0.0,0,0.0,0.0
412,0.0,0.0,0,0.0,0.0
367,0.0,0.0,0,0.0,0.0
421,0.0,0.0,0,0.0,0.0
442,0.0,0.0,0,0.0,0.0
433,0.05091626155597471,0.0,0,0.0,0.0
425,0.3078218721320446,56.637566438773206,5,0.0004928503225083985,0.0
323,0.04085599181399744,0.0,2,0.0002490290126663784,0.0
335,0.586098264617901,87.54294436813048,0,0.0,0.0
383,0.0,0.0,10,0.0006890944819396352,0.0
411,0.0,0.0,0,0.0,0.0
456,0.0,0.0,0,0.0,0.0
470,0.0,0.0,0,0.0,0.0
471,0.0,0.0,1,3.359033156036662e-05,0.0
469,0.0776053375228945,0.0,0,0.0,0.0
506,0.4076039134575684,93.31916691663277,1,0.00012291491415675248,0.0
413,0.0,0.0,0,0.0,0.0
446,0.0,0.0,0,0.0,0.0
405,0.0,0.0,0,0.0,0.0
447,0.0,0.0,1,9.524290398261964e-05,0.0
445,0.0,0.0,0,0.0,0.0
503,0.2650979844321586,56.531871182471846,1,8.128988793090946e-05,0.0
465,0.000437995474850984,0.0,0,0.0,0.0
462,0.0,0.0,0,0.0,0.0
440,0.2498652853350172,0.0,1,7.372268197265665e-05,0.0
526,0.21965457598969956,45.376832845923516,0,0.0,0.0
517,0.0,0.0,0,0.0,0.0
518,0.01569890271328977,0.0,1,2.6407685668783053e-05,0.0
516,0.2278815489992177,0.0,0,0.0,0.0
584,0.0,0.0,1,7.548087739034781e-05,0.0
587,0.856041814594653,0.0,0,0.0,0.0
474,0.16115275908738974,89.5640501956483,1,6.777558776697068e-05,0.0
531,0.11594336155045537,27.69708822146216,0,0.0,0.0
529,0.0,0.0,0,0.0,0.0
553,0.22324001193853318,47.00821622384122,0,0.0,0.0
515,0.0,0.0,0,0.0,0.0
598,1.0,0.0,0,0.0,0.0
597,0.5514984714463479,0.0,0,0.0,0.0
595,1.0000000000000002,0.0,0,0.0,0.0
590,1.0899184042149213,0.0,0,0.0,0.0
589,1.0,0.0,0,0.0,0.0
594,1.0,0.0,0,0.0,0.0
599,1.0000000000000002,0.0,0,0.0,0.0
593,0.9999999999999998,0.0,0,0.0,0.0
401,0.0,0.0,0,0.0,0.0
546,0.0,0.0,0,0.0,0.0
677,0.0,0.0,0,0.0,0.0
675,0.0,0.0,0,0.0,0.0
678,0.0,0.0,0,0.0,0.0
613,0.0,0.0,0,0.0,0.0
548,0.0,0.0,0,0.0,0.0
611,0.0,0.0,0,0.0,0.0
680,0.09683040046030943,62.885045653228744,0,0.0,0.0
674,0.0,0.0,0,0.0,0.0
586,0.4986563908234177,0.0,0,0.0,0.0
676,0.0,0.0,1,0.00024111386223172018,0.0
669,0.0,0.0,0,0.0,0.0
679,0.2932652624777696,71.51062855588239,0,0.0,0.0
581,0.005343379307204862,0.0,0,0.0,0.0
583,0.0,0.0,0,0.0,0.0
681,0.0,0.0,0,0.0,0.0
659,0.0,0.0,0,0.0,0.0
615,1.993847013466083,9.035097572923513,0,0.0,0.0
619,2.0,0.0,0,0.0,0.0
627,1.4894220564779783,0.0,0,0.0,0.0
592,1.0382808908127221,0.0,0,0.0,0.0
618,1.9915730040822315,0.0,0,0.0,0.0
585,0.6228252837149247,0.0,0,0.0,0.0
616,1.9920829990636937,0.0,0,0.0,0.0
617,0.09403807289680786,0.0,0,0.0,0.0
607,1.413061774783966,0.0,0,0.0,0.0
621,0.4252209332487983,0.0,0,0.0,0.0
626,0.0,0.0,0,0.0,0.0
634,0.0,0.0,0,0.0,0.0
631,0.5423935610400605,0.0,0,0.0,0.0
580,0.005500559235748232,0.0,0,0.0,0.0
632,0.0,0.0,0,0.0,0.0
620,0.40645007324489263,0.0,0,0.0,0.0
652,0.0,0.0,1,0.0007163129130122191,0.0
582,0.0,0.0,0,0.0,0.0
651,0.0,0.0,0,0.0,0.0
666,0.0,0.0,0,0.0,0.0
658,0.0,0.0,0,0.0,0.0
638,0.0,0.0,2,0.00017929942616386657,0.0
432,0.3183690561664764,0.0,6,0.0015187794088708545,0.0
429,0.0,0.0,0,0.0,0.0
430,0.0,0.0,0,0.0,0.0
505,0.17839556456417574,0.0,1,7.751246015032964e-05,0.0
504,0.0,0.0,0,0.0,0.0
439,0.0,0.0,0,0.0,0.0
511,0.0,0.0,0,0.0,0.0
455,0.0,0.0,0,0.0,0.0
437,0.0,0.0,2,0.0011620452886046528,0.0
438,0.0,0.0,0,0.0,0.0
499,0.0,0.0,0,0.0,0.0
453,0.0,0.0,0,0.0,0.0
498,0.0,0.0,0,0.0,0.0
443,0.0,0.0,0,0.0,0.0
426,0.0,0.0,8,0.001294795417697315,0.0
427,0.3737892458791428,0.0,1,0.00016065974181758512,0.0
428,0.0,0.0,0,0.0,0.0
436,0.0,0.0,0,0.0,0.0
449,0.0,0.0,0,0.0,0.0
486,0.0056061794731370115,0.0,7,0.001104964881768892,0.0
452,0.0,0.0,1,0.00025696325004445105,0.0
495,0.139042396328095,0.0,2,0.00023516639027003122,0.0
441,0.0,0.0,0,0.0,0.0
481,0.0,0.0,2,0.00038097112176476203,0.0
435,0.0,0.0,0,0.0,0.0
549,0.0,0.0,1,0.00018093568376955732,0.0
510,0.0,0.0,0,0.0,0.0
591,1.0,0.0,0,0.0,0.0
569,0.0,0.0,0,0.0,0.0
509,0.0,0.0,1,0.00013846248996115233,0.0
532,0.0,0.0,0,0.0,0.0
588,0.011714918698571778,0.0,0,0.0,0.0
568,0.0883393298730437,0.0,0,0.0,0.0
502,0.0,0.0,0,0.0,0.0
552,0.0,0.0,0,0.0,0.0
571,0.0,0.0,0,0.0,0.0
556,0.0,0.0,0,0.0,0.0
671,0.0,0.0,0,0.0,0.0
330,0.26201588832569,74.79745284602241,14,0.0011636043418653875,0.0
444,0.0,0.0,1,0.0010722429323186083,0.0
512,0.10805877296392279,0.0,0,0.0,0.0
514,0.0,0.0,0,0.0,0.0
564,0.0,0.0,0,0.0,0.0
448,0.032278773705960835,106.93937632680303,1,0.00012219602191323008,0.0
513,0.0,0.0,0,0.0,0.0
575,0.010594522773429926,0.0,0,0.0,0.0
608,1.070291343983449,6.985721250237135,0,0.0,0.0
576,0.9096420863412354,0.0,0,0.0,0.0
635,0.0,0.0,0,0.0,0.0
633,0.7527723277242692,0.0,0,0.0,0.0
554,0.11651097663854867,0.0,0,0.0,0.0
647,0.0,0.0,0,0.0,0.0
636,0.0,0.0,0,0.0,0.0
648,0.0,0.0,0,0.0,0.0
642,0.0,0.0,0,0.0,0.0
646,0.0,0.0,0,0.0,0.0
641,1.3340233773126373,25.259476944797647,0,0.0,0.0
665,0.0,0.0,0,0.0,0.0
637,0.0,0.0,0,0.0,0.0
660,0.0,0.0,0,0.0,0.0
639,0.0,0.0,0,0.0,0.0
664,0.0,0.0,0,0.0,0.0
663,0.0,0.0,0,0.0,0.0
650,0.0,0.0,0,0.0,0.0
644,0.0,0.0,0,0.0,0.0
657,0.0,0.0,0,0.0,0.0
668,0.0,0.0,0,0.0,0.0
653,0.0,0.0,0,0.0,0.0
667,0.0,0.0,0,0.0,0.0
563,0.0,0.0,0,0.0,0.0
574,0.0,0.0,0,0.0,0.0
572,0.5733724801990187,0.0,0,0.0,0.0
628,0.016771842479357254,0.0,0,0.0,0.0
565,0.0,0.0,0,0.0,0.0
501,0.0,0.0,0,0.0,0.0
577,0.38590674001702513,0.0,0,0.0,0.0
606,0.6169237886343609,0.0,0,0.0,0.0
500,0.0,0.0,0,0.0,0.0
661,0.0,0.0,0,0.0,0.0
645,0.0,0.0,0,0.0,0.0
654,0.0,0.0,0,0.0,0.0
662,0.0,0.0,0,0.0,0.0
670,0.0,0.0,0,0.0,0.0
672,0.0,0.0,0,0.0,0.0
629,0.0,0.0,0,0.0,0.0
522,0.00802044568758742,0.0,0,0.0,0.0
557,0.0,0.0,0,0.0,0.0
573,0.23420480554992593,39.72148047750644,0,0.0,0.0
643,0.0,0.0,0,0.0,0.0
655,0.0,0.0,0,0.0,0.0
640,0.0,0.0,0,0.0,0.0
630,0.0,0.0,0,0.0,0.0
656,0.0,0.0,0,0.0,0.0
625,0.0,0.0,0,0.0,0.0
612,0.0,0.0,0,0.0,0.0
65,0.0,0.0,0,0.0,0.0
59,0.0,0.0,0,0.0,0.0
60,0.0,0.0,0,0.0,0.0
25,0.0,0.0,0,0.0,0.0
64,0.29731019108083917,40.42003048439941,0,0.0,0.0
61,0.0,0.0,0,0.0,0.0
6,0.0,0.0,0,0.0,0.0
67,0.2964867289967744,48.20432448357223,0,0.0,0.0
41,0.3012343910409968,53.27837175718597,0,0.0,0.0
66,0.0,0.0,0,0.0,0.0
23,0.0,0.0,0,0.0,0.0
33,0.12626116990563746,43.39185260290017,0,0.0,0.0
31,0.4483044392140523,7.418341081677329,0,0.0,0.0
9,0.11380723561075218,49.00816127021385,2,6.437333480346056e-05,0.0
24,0.0,0.0,0,0.0,0.0
8,0.5352069005435782,41.83211987697333,0,0.0,0.0
81,0.3979057458439663,35.43424408998018,0,0.0,0.0
0,0.0,0.0,0,0.0,0.0
16,0.532499952546171,15.111464501710401,0,0.0,0.0
5,0.326060858740703,17.138441607004488,0,0.0,0.0
29,0.5053527143040287,36.918511285796214,0,0.0,0.0
7,0.0,0.0,2,9.332146490419538e-05,0.0
4,0.05477514686880531,22.25737718928695,0,0.0,0.0
2,0.009638051951274346,17.799602711184207,0,0.0,0.0
15,0.4772095182274898,6.05944418923251,0,0.0,0.0
73,0.5175368801318649,43.68727467123684,0,0.0,0.0
43,0.13983323737259548,0.0,0,0.0,0.0
22,0.6858139111326886,18.000806177157546,0,0.0,0.0
98,0.20250713723205216,54.41159349076965,0,0.0,0.0
14,0.4480492926101329,42.652428658767384,0,0.0,0.0
100,0.585719545662934,0.0,0,0.0,0.0
87,0.051567369036486496,0.0,0,0.0,0.0
86,0.5104289711099241,41.69000340045988,0,0.0,0.0
3,0.428538546548414,28.3835541471034,0,0.0,0.0
94,0.531671998915514,0.0,0,0.0,0.0
97,0.6323725294586587,0.0,0,0.0,0.0
96,0.49383973327173725,0.0,0,0.0,0.0
103,0.3320247414724121,0.0,0,0.0,0.0
102,0.339208682211358,30.343820726313286,0,0.0,0.0
93,0.0,0.0,0,0.0,0.0
473,0.08616404050196713,44.47666038430299,7,0.0011478870006962278,0.0
72,0.0,0.0,0,0.0,0.0
80,0.0,0.0,0,0.0,0.0
168,0.06008597804356984,37.813105926605054,3,0.0003203743125510536,0.0
200,0.0,0.0,7,0.0005801101308109534,0.0
129,0.0,0.0,3,0.0004597126908719128,0.0
75,0.0,0.0,2,0.00022562257329320702,0.0
184,0.48221130085922237,74.26274726557008,6,0.0003229482050117755,0.0
109,0.2595876524151753,57.56437475889255,8,0.000535080277230189,0.0
130,0.0,0.0,2,0.0001992429298912902,0.0
32,0.64738569316254,30.824920477757075,0,0.0,0.0
76,0.0,0.0,0,0.0,0.0
183,0.0,0.0,5,0.00047455548222746,0.0
185,0.0,0.0,2,0.000542478492540477,0.0
254,0.3065676659917831,46.01130647658577,10,0.00245581851563706,0.0
237,0.0,0.0,9,0.0009141168510953995,0.0
71,0.0,0.0,0,0.0,0.0
266,0.05505167878957074,0.0,9,0.0012510100760496805,0.0
292,0.0,0.0,0,0.0,0.0
186,0.027759697347538973,0.0,2,0.00011294657802747148,0.0
297,0.0,0.0,0,0.0,0.0
124,0.4246579683439103,59.054888593822724,1,0.00010060682314962723,0.0
284,0.40923014701872074,65.25526189321019,5,0.0007196345443375208,0.0
178,0.5142951816931276,46.50228665199177,0,0.0,0.0
30,0.280343932359398,31.614108468937292,0,0.0,0.0
40,0.5618030158932265,40.9788537319353,0,0.0,0.0
82,0.2318306902743677,39.31198536509552,0,0.0,0.0
155,0.6039569485031406,50.99270252447364,1,0.000113481038099259,0.0
125,0.09772812538746536,0.0,0,0.0,0.0
209,0.5675020824831136,43.36180811828539,1,0.00014430394210289697,0.0
92,0.6466322825940255,50.280966185856556,0,0.0,0.0
90,0.4803128125605198,39.661345668877196,1,0.00028991292852148954,0.0
144,0.43209636411314734,29.614176723118764,0,0.0,0.0
153,0.5194077122932079,46.29023724169296,2,0.0002519813645929669,0.0
150,0.5904644310728271,48.71837195692243,0,0.0,0.0
174,0.5172491310011704,65.287391668131,1,0.0001221685445728167,0.0
291,0.0,0.0,0,0.0,0.0
285,0.4064504505535872,46.35185478113017,2,0.00026949504583839836,0.0
286,0.13778364916419938,0.0,1,0.0005659543248780973,0.0
269,0.37503148144556236,43.06897369420091,8,0.0014043240625852033,0.0
156,0.6296546318336695,53.97841127957542,3,0.00031282301420106073,0.0
208,0.6303212001824174,32.32942658782944,0,0.0,0.0
172,0.6137444471419217,57.563912805536226,5,0.00023874232996796784,0.0
113,0.6557197099779946,57.844577410438916,3,0.00026995189918947054,0.0
243,0.26353309711721273,47.55933962365603,2,0.0005104053730458017,0.0
221,0.5597358648250996,36.6668883240039,1,0.00013692295292618811,0.0
298,0.1910436469052355,0.0,3,0.0018730446639951264,0.0
42,0.18535382473791112,37.10246195945054,0,0.0,0.0
37,0.10116214153488695,109.64606768141273,0,0.0,0.0
35,0.41688604852889677,0.0,0,0.0,0.0
56,0.1734734628039401,40.06879865336688,0,0.0,0.0
57,0.31759718423263944,35.61480489420815,0,0.0,0.0
70,0.10165397539808266,0.0,0,0.0,0.0
18,0.012932798191888532,0.0,0,0.0,0.0
91,0.3500389379959178,32.81572223969465,0,0.0,0.0
17,0.10292576726374097,138.9943754130929,0,0.0,0.0
48,0.3476477192158369,98.13942348672796,0,0.0,0.0
1,0.026964704840696727,17.793513871219183,0,0.0,0.0
84,0.5084943169618565,32.96942447063269,1,0.00026717413957990234,0.0
36,0.14484925468803755,38.0605334095496,1,0.00020173034224193055,0.0
55,0.47589166889392404,30.090026781555412,0,0.0,0.0
121,0.3476152707812034,40.790128090380044,0,0.0,0.0
114,0.36791237326521414,34.17843311022922,0,0.0,0.0
47,0.06571965729369131,87.1021139792054,0,0.0,0.0
95,0.0,0.0,0,0.0,0.0
143,0.20581013956691574,0.0,0,0.0,0.0
89,0.38730330266591856,51.182546670737565,0,0.0,0.0
99,0.38034447179636066,24.94167194205939,0,0.0,0.0
164,0.45704993805705413,32.161560125140745,1,0.00023032662353016507,0.0
85,0.22356970805217652,60.60272079804204,1,0.000186245087218587,0.0
147,0.5585158121620887,48.27757499378983,1,0.00020908856496302627,0.0
88,0.19736077919604364,53.279621521569496,3,0.0007748372941270459,0.0
145,0.15279395061005194,0.0,0,0.0,0.0
142,0.629102933960139,49.052272996679534,1,0.00024205987989212065,0.0
140,0.31266823877042765,43.804991921054715,0,0.0,0.0
276,0.0,0.0,1,0.0001275639409646981,0.0
69,0.5107911345621932,39.375948855295455,0,0.0,0.0
63,0.25839270935096165,43.29804332835286,0,0.0,0.0
77,0.10090938947869914,0.0,0,0.0,0.0
133,0.28330921394530023,38.74395784296307,0,0.0,0.0
141,0.2773581723241191,46.75332468032389,1,0.0002485073592568172,0.0
189,0.3339276956517016,10.66647531538269,0,0.0,0.0
166,0.19215089124985898,0.0,0,0.0,0.0
115,0.27770476518053583,29.02057842137492,0,0.0,0.0
62,0.3178089808892828,34.33643604386483,1,0.00016810552956484593,0.0
112,0.3439976707551883,0.0,0,0.0,0.0
132,0.34019809245175586,38.17759968430337,0,0.0,0.0
179,0.28866605320615024,78.64834206098409,1,7.373072987643215e-05,0.0
160,0.4033890588378072,35.62987452513961,0,0.0,0.0
101,0.6976471873662926,62.93378449508675,0,0.0,0.0
204,0.609786682315501,61.471772434697954,0,0.0,0.0
203,0.8804144118779932,0.0,0,0.0,0.0
226,0.0,0.0,0,0.0,0.0
190,0.7487522690582232,23.982242839099488,0,0.0,0.0
135,0.5340221680651154,45.58215576196593,1,9.525160225908275e-05,0.0
205,0.2804703194864587,28.94478929550799,0,0.0,0.0
146,0.5092856477188711,31.64364323441244,0,0.0,0.0
265,0.4790974936297616,51.67865442480144,0,0.0,0.0
234,0.14623168587799,0.0,0,0.0,0.0
257,0.3509330295177239,52.08090055522952,0,0.0,0.0
211,0.7294146696260644,0.0,0,0.0,0.0
252,0.2790234602206841,26.773190866839826,0,0.0,0.0
251,0.2810170311488152,0.0,0,0.0,0.0
152,0.6774346541146259,43.2646999520745,0,0.0,0.0
225,0.6917645730745043,57.73617272159701,0,0.0,0.0
210,0.2219832337159944,49.89645098584248,0,0.0,0.0
197,0.07315086586771917,0.0,0,0.0,0.0
337,0.0,0.0,0,0.0,0.0
223,0.0,0.0,1,0.0014068738570162018,0.0
245,0.0999549839417712,0.0,0,0.0,0.0
230,0.5259459486157264,36.72915508061927,0,0.0,0.0
162,0.0,0.0,0,0.0,0.0
229,0.0071038474193744405,0.0,0,0.0,0.0
191,0.5023222067050416,36.76005006324951,1,0.00025792480922759713,0.0
163,0.3493007813096829,66.9158397518976,1,8.461074170237064e-05,0.0
167,0.163685709676328,0.0,1,0.0002797346107457104,0.0
83,0.19880233106138753,56.941879064716034,0,0.0,0.0
165,0.07304565644629642,0.0,0,0.0,0.0
188,0.5294566400383499,0.0,0,0.0,0.0
224,0.10464346491641492,0.0,0,0.0,0.0
242,0.0,0.0,0,0.0,0.0
250,0.08200738841282404,0.0,0,0.0,0.0
244,0.0,0.0,0,0.0,0.0
246,0.0,0.0,0,0.0,0.0
241,0.45490554472414263,0.0,0,0.0,0.0
272,0.24452982556013736,26.388729380894567,0,0.0,0.0
233,0.288801322129221,0.0,0,0.0,0.0
258,0.41317886891252587,38.661096715097344,0,0.0,0.0
295,0.2967389130784502,51.15733931190142,0,0.0,0.0
228,0.2557198302000511,58.28796873521393,0,0.0,0.0
274,0.0,0.0,2,0.000836614081265534,0.0
287,0.1405899746453355,106.23709706528736,5,0.001007791124433005,0.0
417,0.3371617721271402,62.038858429523614,6,0.0006752497935772228,0.0
302,0.0,0.0,0,0.0,0.0
263,0.0,0.0,0,0.0,0.0
273,0.17492534399877238,0.0,9,0.0009326252270690773,0.0
299,0.0,0.0,4,0.0004421890933054868,0.0
177,0.4355179794219488,72.7064478684711,7,0.0006553210568225589,0.0
264,0.0,0.0,0,0.0,0.0
320,0.0823387539157257,0.0,14,0.0010174002987850758,0.0
300,0.1794898210350375,48.46484471342339,20,0.0016435773843361556,0.0
296,0.0,0.0,0,0.0,0.0
472,0.033848106633398024,0.0,1,0.00014398819573505808,0.0
322,0.02186100700944159,0.0,5,0.0001971138625814229,0.0
408,0.0254188530600184,0.0,2,0.00033436843990632223,0.0
409,0.04557541571224145,47.506806119974996,3,0.0006226085876844861,0.0
467,0.0,0.0,1,6.90820779349977e-05,0.0
301,0.0,0.0,9,0.0012064352057747742,0.0
360,0.11031358339483499,0.0,5,0.0005408790548542377,0.0
385,0.017517134365366942,0.0,6,0.0007327996430408413,0.0
361,0.0,0.0,6,0.0004123346029264913,0.0
352,0.0,0.0,6,0.0034288124886984006,0.0
316,0.15236908731420154,44.73540695907757,16,0.0011089432409918368,0.0
460,0.0,0.0,1,0.00043639959840096774,0.0
306,0.4159480898331195,49.92307253230625,9,0.0010043247492230703,0.0
308,0.4537367733494989,0.0,3,0.0009438720814619998,0.0
317,0.48912907015503615,55.88956947473205,7,0.00046768167107975433,0.0
283,0.4209106299990101,0.0,2,0.001207632145611612,0.0
371,0.0,0.0,0,0.0,0.0
380,0.3482764079791022,58.35348320658782,10,0.0012475371684771684,0.0
388,0.21164012394443704,48.50437891996858,7,0.001325480534166973,0.0
389,0.0,0.0,12,0.0013034773211145817,0.0
434,0.14890027360217448,78.11689180138104,6,0.0004824110176560914,0.0
275,0.29095221516323105,61.44147075395821,0,0.0,0.0
372,0.2720552449070164,67.72175572187474,7,0.0005207556712098837,0.0
351,0.25054931086397864,58.153989861161484,0,0.0,0.0
270,0.3248145422557372,64.8669018435658,1,0.00013643127578331695,0.0
278,0.3760271551358618,51.84900888781239,7,0.0004934726420125358,0.0
219,0.42656489884094856,59.13787775233641,6,0.0005276835203329748,0.0
390,0.0,0.0,0,0.0,0.0
391,0.16524813010796133,38.605382772201104,1,0.00016731735913701895,0.0
418,0.0,0.0,0,0.0,0.0
333,0.0,0.0,3,0.00037165374192620954,0.0
399,0.23048264564566429,44.15545121078976,0,0.0,0.0
415,0.0,0.0,1,0.00013277418104137582,0.0
392,0.0,0.0,4,0.001679535217083757,0.0
464,0.0,0.0,14,0.0005653874271268615,0.0
457,0.0,0.0,0,0.0,0.0
303,0.28405801820045096,0.0,2,0.00027940589104994605,0.0
259,0.3752962682952479,43.27115258600234,0,0.0,0.0
319,0.2757353924699553,54.4102264788229,0,0.0,0.0
309,0.22812122179945096,50.5111202727522,1,8.80499411634865e-05,0.0
256,0.33616477414801543,0.0,0,0.0,0.0
318,0.0,0.0,0,0.0,0.0
359,0.05167022488296421,0.0,0,0.0,0.0
379,0.0,0.0,0,0.0,0.0
350,0.42326284522647156,39.755437121614406,0,0.0,0.0
314,0.0,0.0,0,0.0,0.0
232,0.059479284964042076,0.0,0,0.0,0.0
311,0.4767299810975464,35.2929142621784,0,0.0,0.0
240,0.4255382444443065,46.3753294803157,2,0.00025353647201308693,0.0
281,0.002171262011794375,0.0,0,0.0,0.0
312,0.5190630286608355,34.90404234177332,1,0.00013913150115764766,0.0
282,0.11289107289527578,0.0,1,0.00029907507949835987,0.0
305,0.0,0.0,0,0.0,0.0
343,0.0,0.0,0,0.0,0.0
315,0.0,0.0,0,0.0,0.0
349,0.1801471528568933,65.83003883053726,1,0.00020435335153261291,0.0
271,0.014552463015316056,0.0,0,0.0,0.0
325,0.0,0.0,0,0.0,0.0
338,0.0,0.0,0,0.0,0.0
324,0.317191951645221,30.621234295049522,2,0.00022860417230084306,0.0
393,0.4413346466126142,37.65473331128459,0,0.0,0.0
374,0.0,0.0,0,0.0,0.0
373,0.0,0.0,0,0.0,0.0
402,0.1079858876128297,45.5648024931438,1,5.435659779142355e-05,0.0
358,0.3640257625515975,57.343938384149524,1,0.00022769101580481901,0.0
410,0.0,0.0,3,0.00017632762153164713,0.0
476,0.015717644401893743,0.0,0,0.0,0.0
398,0.21330979853612345,0.0,0,0.0,0.0
450,0.0009215962868387873,0.0,0,0.0,0.0
357,0.0,0.0,0,0.0,0.0
356,0.0,0.0,0,0.0,0.0
378,0.0,0.0,0,0.0,0.0
377,0.11883712438617054,0.0,0,0.0,0.0
355,0.0,0.0,0,0.0,0.0
366,0.0,0.0,0,0.0,0.0
451,0.02057062282108993,0.0,1,9.337906797747653e-05,0.0
394,0.0,0.0,0,0.0,0.0
382,0.0,0.0,0,0.0,0.0
227,0.09399352781156127,93.40499766530115,0,0.0,0.0
344,0.0,0.0,0,0.0,0.0
386,0.0,0.0,1,0.0001726855772939323,0.0
414,0.28732038915440183,80.99538918299886,0,0.0,0.0
540,0.0,0.0,1,2.6712134760754802e-05,0.0
280,0.0,0.0,2,0.0010874981661050441,0.0
477,0.0,0.0,0,0.0,0.0
458,0.17207767880289856,0.0,1,0.00015993258866341722,0.0
416,0.0,0.0,1,0.00022700416498942444,0.0
483,0.0,0.0,1,0.000403995176540233,0.0
487,0.12835319953471996,28.666912364281124,20,0.0024750184553350455,0.0
523,0.30334832701180875,59.46449743749592,12,0.0027873225381042656,0.0
496,0.11308338273884548,0.0,1,0.00022739937648923498,0.0
544,0.35182708354698344,0.0,0,0.0,0.0
491,0.006732976053026026,0.0,2,9.878932299001919e-05,0.0
459,0.02933285245791637,0.0,0,0.0,0.0
492,0.09933123128650695,49.61269200134451,4,0.00027702294251913514,0.0
490,0.0008424421409732802,0.0,6,0.0003448086494383305,0.0
424,0.0,0.0,5,0.0005416370899258875,0.0
485,0.0,0.0,0,0.0,0.0
419,0.0,0.0,3,0.00034804348235601106,0.0
466,0.0,0.0,11,0.0014819847524820988,0.0
480,0.0,0.0,5,0.0004902464618291284,0.0
407,0.0,0.0,1,6.9711711996162e-05,0.0
545,0.010526785009560662,0.0,0,0.0,0.0
570,0.0,0.0,1,9.920747968179462e-05,0.0
547,0.034589084171217706,0.0,0,0.0,0.0
493,0.0,0.0,5,0.00027548422939819553,0.0
561,0.7149658981220052,42.96325908133985,1,0.00031388172410435673,0.0
527,0.08624758500450556,29.654956200614112,1,0.00021550219866077605,0.0
562,0.3586734189023281,0.0,0,0.0,0.0
649,0.0,0.0,0,0.0,0.0
560,0.0,0.0,2,0.00018455190995083918,0.0
622,0.0,0.0,1,3.520090920810267e-05,0.0
489,0.16536645679291187,60.63325358064898,2,8.497912857068669e-05,0.0
603,0.0,0.0,0,0.0,0.0
596,0.0,0.0,0,0.0,0.0
601,0.0,0.0,0,0.0,0.0
609,0.0,0.0,0,0.0,0.0
600,0.0,0.0,0,0.0,0.0
610,0.0,0.0,0,0.0,0.0
494,0.0,0.0,3,0.00013976275976877926,0.0
623,0.0,0.0,0,0.0,0.0
605,0.0,0.0,0,0.0,0.0
602,0.0,0.0,0,0.0,0.0
488,0.013755883778950281,0.0,4,0.00017129110202651556,0.0
559,0.0,0.0,0,0.0,0.0
673,0.0,0.0,0,0.0,0.0
624,0.0,0.0,1,0.00020422644855900055,0.0
508,0.06454291828522113,24.456014101536525,0,0.0,0.0
520,0.03580908011232491,27.24054691152817,0,0.0,0.0
381,0.0,0.0,1,0.00011875565983981291,0.0
528,0.18128635360991088,39.91678686486002,0,0.0,0.0
525,0.0,0.0,0,0.0,0.0
521,0.1676939552550181,50.696765468082546,0,0.0,0.0
534,0.0,0.0,0,0.0,0.0
475,0.06916739586113604,0.0,0,0.0,0.0
454,0.02734309763727539,108.89080022244738,0,0.0,0.0
420,0.3738518727891825,52.8428461842951,0,0.0,0.0
507,0.11381681021601138,0.0,1,0.0004518214158090018,0.0
468,0.4377407472477407,62.89953201191588,0,0.0,0.0
497,0.3022029807936018,36.7719717590106,0,0.0,0.0
463,0.0,0.0,1,0.0001633963536889486,0.0
461,0.0,0.0,1,0.0001647923721095551,0.0
519,0.0,0.0,0,0.0,0.0
484,0.027295982193993634,0.0,0,0.0,0.0
524,0.0,0.0,0,0.0,0.0
537,0.0,0.0,0,0.0,0.0
482,0.10390281605810579,66.03215323939956,1,3.719625062658896e-05,0.0
533,0.0,0.0,0,0.0,0.0
400,0.0,0.0,2,0.0011530350115287005,0.0
478,0.0,0.0,3,0.00021432994516215267,0.0
541,0.0,0.0,0,0.0,0.0
479,0.36575344425963296,39.21520111841281,0,0.0,0.0
530,0.0,0.0,0,0.0,0.0
567,0.0,0.0,0,0.0,0.0
551,0.0,0.0,0,0.0,0.0
579,0.0,0.0,0,0.0,0.0
604,0.0,0.0,0,0.0,0.0
566,0.0,0.0,1,1.770304835990132e-05,0.0
558,0.0,0.0,1,5.1692287867497843e-05,0.0
539,0.0,0.0,0,0.0,0.0
555,0.0,0.0,0,0.0,0.0
536,0.0,0.0,0,0.0,0.0
538,0.0,0.0,0,0.0,0.0
550,0.0,0.0,0,0.0,0.0
543,0.06752779774611908,73.26157423411578,1,0.00012884227770568147,0.0
614,0.0,0.0,0,0.0,0.0
535,0.0,0.0,0,0.0,0.0
542,0.0,0.0,0,0.0,0.0
578,0.0,0.0,0,0.0,0.0
387,0.0,0.0,0,0.0,0.0
