edge_id,edge_length,edge_betweenness,edge_embeddedness,mean_building_dist,mean_poi_dist
0.0,5.321132657803867,0.0017279462546129273,-0.0,0.5051300891896362,0.8777746728533045
0.7801526501328483,3.4571086586333237,0.0017279462546129273,-0.0,-0.0,-0.0
1.3278219990774314,4.584170738810438,6.413681402111942e-05,-0.0,-0.0,-0.0
1.764029131329413,4.873204190924238,0.00463786656110249,-0.0,-0.0,-0.0
2.1325195204965803,4.954881460963478,0.0017279462546129273,-0.0,-0.0,-0.0
2.454713181184341,4.9134839643005,0.0032837813768445035,-0.0,-0.0,-0.0
2.742891459971892,3.475956290439723,0.0030978077107908157,-0.0,-0.0,-0.0
3.0048285185863772,5.617682297960983,0.0027911822008277894,-0.0,0.5021583823479315,-0.0
3.245793952275472,4.845431430356646,9.176553887966215e-06,-0.0,-0.0,0.8371168569065757
3.4695440167479337,4.038916974677036,9.176553887966215e-06,-0.0,0.5021514948863749,-0.0
3.6788617237405705,4.431434563119005,9.176553887966215e-06,-0.0,-0.0,-0.0
3.8758731692379422,5.279719417376766,0.00811565914130905,-0.0,-0.0,-0.0
4.062243568112186,4.873174878676414,0.009011550202698636,-0.0,-0.0,-0.0
4.239304391118041,4.489197165262634,0.005231492934448875,-0.0,0.5021832795851277,-0.0
4.4081389638525135,5.406897804406376,0.010066257994352087,-0.0,0.5045419698719352,0.7797033045290611
4.569641936572401,5.8833652120433095,0.00037538888435510845,-0.0,0.5048954435601232,0.7662634676333582
4.724561719412285,2.2160649382749544,0.0014604597566813275,-0.0,-0.0,-0.0
4.873531467611818,5.13472084979493,0.002056179933383015,-0.0,0.5043724033527665,0.8568745889537047
5.017092164497014,5.715477832430897,0.0029708112704993892,-0.0,0.504975923704498,-0.0
5.1557101233700005,5.108672117708137,0.012551647942466656,-0.0,-0.0,-0.0
5.289790466648917,5.190683340293844,0.002638101422100001,-0.0,-0.0,0.8650990654039811
5.4196876526047975,3.694812499677666,0.012786058235032373,-0.0,-0.0,-0.0
5.545713799941185,3.0379270958374223,0.004118091075899495,-0.0,-0.0,-0.0
5.668145345747795,5.578248514367455,3.0593760501109486e-06,-0.0,0.5051050675139872,0.8770544969896755
5.787228425417427,6.067754785897985,0.0017251825416211407,-0.0,0.5029382731203346,-0.0
5.903183260715291,4.868559131138779,-0.0,-0.0,0.5013288162645834,-0.0
6.016207769647233,6.1576578457088775,0.0017251825416211407,-0.0,0.503127843295702,0.8690135915340585
6.126480559605584,5.057401899437772,0.0029069047331118938,-0.0,0.5043353753606363,0.8463163743675471
6.234163427237293,4.508456925265429,0.0004471272413036533,-0.0,-0.0,-0.0
6.3394034603969,4.4206985054936325,0.005948644994553842,-0.0,0.4816011001331654,-0.0
6.44233481657009,4.400509662115558,0.0019720311552844185,-0.0,-0.0,-0.0
6.543080236314239,3.6994444401978446,0.007880187039225986,-0.0,-0.0,-0.0
6.64175233818213,5.436519996918984,0.00014625967478017204,-0.0,0.5030453962693776,-0.0
6.738454732295617,4.664894021805874,0.004685368282987698,-0.0,0.5002879006592753,-0.0
6.833282982514649,4.639092192170569,0.0032837813768445035,-0.0,0.5040023880064358,0.8254763840078826
6.926325441493795,5.664302135053094,0.007113690820217342,-0.0,0.5019902340607039,-0.0
7.017663978458808,5.794290583926446,0.005808941793489613,-0.0,0.5036597625765641,0.8435228922849364
7.107374615992505,4.945931136023168,0.0073616432857433745,-0.0,0.5017074417082283,-0.0
7.195528089285056,3.3301474443754455,0.0017279462546129273,-0.0,0.5023770234663061,-0.0
7.282190339022325,4.9386823753962314,0.00042025994933444924,-0.0,0.5028310413253537,-0.0
7.367422947238269,4.910048729227157,0.006153181906038062,-0.0,0.4961937543584105,-0.0
7.451283523952765,4.513830233748867,0.0017279462546129273,-0.0,0.5043386635256901,0.8245474258896527
7.533826051183995,4.791387598231978,0.0015724471641222401,-0.0,0.5013539326546661,-0.0
7.615101189910634,5.19642560613239,0.0009903138912297465,-0.0,0.5022060603775301,-0.0
7.695156554720354,4.738882338613797,0.005122790698707793,-0.0,0.4858432187611757,-0.0
7.774036960184528,2.1208865146145244,0.0027342817764608334,-0.0,-0.0,-0.0
7.851784642417534,2.048711412142468,0.00017051942414617171,-0.0,-0.0,-0.0
7.928439458791887,4.7805041130584485,0.0034822054158190558,-0.0,-0.0,-0.0
8.004039068370513,5.071366730734045,0.0023618184925088244,-0.0,-0.0,-0.0
8.078619095271307,5.553942338357953,0.003138217818336706,-0.0,-0.0,-0.0
8.152213276885634,3.217461116687311,0.004263316351141213,-0.0,-0.0,-0.0
8.224853598622879,6.305249948415626,0.00967250946578784,-0.0,0.49779156556764137,0.8575722617908446
8.29657041664006,4.556183935462518,0.008228846214979631,-0.0,-0.0,-0.0
8.367392569833182,4.947183057926582,0.0028375781107406717,-0.0,-0.0,-0.0
8.437347482210276,4.955702337981281,0.0018655302749759541,-0.0,0.5051286792869882,0.8776656636687198
8.506461256631177,2.0406666209591946,3.0593760501109486e-06,-0.0,-0.0,-0.0
8.57475876078248,5.0268068191096305,0.0009063000089936542,-0.0,0.46844049003560734,-0.0
8.642263706155127,3.5264890008466736,0.007221962704544568,-0.0,-0.0,-0.0
8.708998720704368,4.807538147467427,0.003803732577164017,-0.0,-0.0,-0.0
8.774985415795479,4.8213080298756195,0.0017279462546129273,-0.0,-0.0,-0.0
8.840244447971873,5.063991029121774,0.01656850921748281,-0.0,-0.0,-0.0
8.904795576024025,1.8429066447129403,0.010559562467652994,-0.0,-0.0,-0.0
8.968657713786325,4.571706332423804,0.010163746853868639,-0.0,-0.0,-0.0
9.031848979044144,2.770081654907034,0.005969053451295551,-0.0,-0.0,-0.0
9.094386738893679,5.059241237727275,0.0024676547833746994,-0.0,-0.0,-0.0
9.156287651862236,4.893681851732675,0.007087839377628725,-0.0,0.5037085193064278,-0.0
9.217567707065708,5.528505077692642,0.004225985901500562,-0.0,0.503494546367117,-0.0
9.278242260652531,5.652130342623577,0.0066503609454820955,-0.0,0.5036259462448686,0.8365559356335753
9.338326069759168,4.912950576263256,0.005111869417032663,-0.0,0.501808231087263,0.850919301984329
9.397833324180471,5.741792119092534,0.0018929060199141775,-0.0,0.5040991613206747,0.841043491270653
9.45677767593902,4.094847236141902,0.008386432746760734,-0.0,0.5022845053658085,-0.0
9.515172266920317,3.6416539518825983,0.012507074367389816,-0.0,-0.0,-0.0
9.573029754725372,3.523340482837716,0.009620164232287239,-0.0,0.5006214868918599,-0.0
9.630362336878392,4.619320550691961,0.007234736611486364,-0.0,-0.0,0.8340433753722901
9.687181773514943,4.837930341011624,0.0011971038631356996,-0.0,0.5026895196250862,-0.0
9.74349940866495,3.4781390746359895,0.010109140956345897,-0.0,-0.0,-0.0
9.799326190234703,5.23736575909837,0.012919820190004459,-0.0,0.5046231594110485,0.8633368840432973
9.85467268878335,3.687397992293714,0.00345261448075665,-0.0,-0.0,-0.0
9.90954911518093,4.915645431090413,0.008557479281755589,-0.0,0.5034562751396386,0.8462553231734443
9.963965337227934,5.801707487079953,0.005061511411974268,-0.0,0.5038339401072471,0.8456798081261876
10.01793089530957,4.725751304279062,0.0075880695883329035,-0.0,0.49885932672714556,0.8388579776169791
10.071455017152022,7.022354189941253,3.0593760501109486e-06,-0.0,0.5050963958425264,-0.0
10.124546631742465,5.485346189854143,0.008103933209474626,-0.0,0.5034103937517581,0.7889325182979599
10.177214382469725,2.6633919505800714,0.006100864599089835,-0.0,-0.0,-0.0
10.229466639537929,1.6651916339290007,0.011446643976853915,0.10744496971739667,-0.0,-0.0
10.281311511701427,5.3880857665051805,0.010719159707774152,-0.0,0.5031767539965746,0.7932968747552649
10.332756857365496,6.121846456884619,0.00025592083902263867,0.10744496971739667,0.5008949413315714,0.838563799516772
10.383810295094024,10.144547187487941,-0.0,-0.0,0.5051225956650679,0.8774547530551344
10.434479213562186,3.2276289099209756,0.0017279462546129273,-0.0,-0.0,-0.0
10.484770780989296,4.66989856966096,0.003077561166814797,-0.0,-0.0,-0.0
10.534691954084451,3.339007995290954,0.005554205150705651,-0.0,-0.0,-0.0
10.584249486535233,5.431009623669721,0.0038061408215503273,-0.0,0.5043086507699032,0.8530362235900555
10.633449937067434,3.303264207048522,0.014146395528569567,-0.0,-0.0,-0.0
10.682299677101879,3.74492520503667,0.003278785931251972,-0.0,-0.0,-0.0
10.73080489803259,4.3908633863941136,0.003516651567669984,-0.0,-0.0,-0.0
10.778971618148702,5.0197165047905905,0.0003634037613295447,0.10744496971739667,-0.0,-0.0
10.826805689221182,4.319402163303518,0.001342044259934133,0.10744496971739667,-0.0,-0.0
10.874312802773773,4.551818712187085,0.014710856808706832,-0.0,0.5041684697085655,-0.0
10.92149849605644,4.252423404520465,0.0013872554105108712,0.10744496971739667,-0.0,-0.0
10.968368157738219,4.997181613531724,6.118227315705839e-06,-0.0,-0.0,-0.0
11.01492703333536,5.036799623271088,0.0050746673306154115,-0.0,0.5015813321774313,0.8370363291242365
11.061180230389533,4.800888995932495,0.0022766263410553037,-0.0,0.5042367867439274,-0.0
11.107132723409963,2.115020170593249,0.0006074632219606003,-0.0,-0.0,-0.0
11.1527893585924,4.714594996248657,0.0048022616939713296,-0.0,-0.0,0.8554332450584902
11.198154858327102,5.761063318574826,0.0017279462546129273,-0.0,-0.0,0.8530541509129682
11.243233825507103,4.985361139015653,0.006642665792182743,-0.0,-0.0,-0.0
11.28803074764748,4.591123763966632,0.009649913899146437,-0.0,0.503371554322002,0.8376396518423711
11.332550000825545,5.98089096743066,0.0016587112520874802,-0.0,0.49783474969778124,-0.0
11.37679585345135,5.438323257208622,0.003221215392778468,-0.0,0.47878871937725864,-0.0
11.4207724698773,5.970914392064614,7.63271763618463e-05,-0.0,-0.0,-0.0
11.46448391385512,3.9159443108193916,0.005083430467716176,-0.0,-0.0,-0.0
11.507934151847962,5.292194691400166,0.0017279462546129273,-0.0,0.5026957756081704,0.8545045749222335
11.551127056204953,5.879336530523254,0.008361978712810875,-0.0,0.5034639701707281,0.8292917620651592
11.594066408205038,5.430963433992287,0.010463156672257586,-0.0,-0.0,-0.0
11.636755900976635,5.080712724504241,0.012530334604289067,-0.0,0.5037556118778809,-0.0
11.679199142299185,5.245358419547982,0.0017279462546129273,-0.0,0.5044221881279471,-0.0
11.721399657292325,4.087928440352842,0.01562939747176229,-0.0,0.5006200728787781,0.8445110175088214
11.763360890998149,3.8364648445335217,0.014551039128408935,-0.0,0.4616603149925283,-0.0
11.805086210861647,4.920152814686579,0.01101045312076609,-0.0,0.5033304346663173,-0.0
11.846578909114188,5.228189503859642,0.012306817445337981,-0.0,0.5048376998307987,0.8627585298656003
11.88784220506456,5.349523720062482,0.017158497769881043,-0.0,0.5043294394872412,0.8342092873341281
11.928879247301941,3.7097534888462502,0.017753324531196532,-0.0,-0.0,-0.0
11.969693115814845,5.1725340705648915,0.00019171941534771155,-0.0,0.5032753175593746,-0.0
12.010286824029912,5.135406203117935,0.011835417538071628,-0.0,-0.0,-0.0
12.050663320774182,5.3317109612002165,0.004820153432373332,-0.0,0.503683231149283,-0.0
12.090825492164361,5.583967890011951,0.0008422862127228947,-0.0,0.5033595705017633,-0.0
12.130776163426262,4.907573492190039,0.002530809750444941,-0.0,-0.0,0.8360660911214257
12.17051810064763,5.0135973959204145,0.0027239132218867617,-0.0,-0.0,0.8196978685355976
12.210054012467221,4.760996258353699,0.0010796613111284847,-0.0,0.5023950784453419,-0.0
12.249386551702944,5.359590117621637,0.000503711102817829,-0.0,0.5038999350764444,0.8545878979040221
12.28851831692175,4.707831367998905,0.0027549976164641895,-0.0,-0.0,-0.0
12.327451853953715,5.289164510119471,0.017956663844140054,-0.0,-0.0,-0.0
12.366189657352773,3.9721132516458155,0.004360825031578639,-0.0,-0.0,-0.0
12.404734171806325,5.188297962214123,0.005948644994553842,-0.0,-0.0,-0.0
12.443087793495884,4.321705932080116,3.0593760501109486e-06,-0.0,-0.0,-0.0
12.481252871410831,4.7801255481304095,0.0032337499882927404,-0.0,0.5046833214773537,-0.0
12.519231708617196,6.414878390528518,0.0047259487974602105,-0.0,0.5028620860892122,0.8343683411221728
12.557026563483348,4.341884826977504,0.0017279462546129273,-0.0,-0.0,-0.0
12.594639650864337,5.341606287099864,0.0021855970393418597,-0.0,-0.0,0.8439097591112599
12.63207314324659,4.15918412473643,0.010466985668113054,-0.0,-0.0,-0.0
12.66932917185455,5.096353448021279,0.0017279462546129273,-0.0,-0.0,0.8344183869177337
12.706409827720762,1.8017265621841485,0.0021775395824782024,-0.0,-0.0,-0.0
12.74331716272092,4.698264877346289,0.010420909418694389,0.10744496971739667,-0.0,0.857013984708098
12.780053190575208,4.696974347685778,0.017629567340227328,0.10744496971739667,-0.0,0.852787355099418
12.816619887817247,5.30686958861267,3.0593760501109486e-06,-0.0,0.5051284315375233,0.8745034055491165
12.853019194731983,5.32420675053367,0.009593156622943723,-0.0,-0.0,-0.0
12.889253016263643,3.7074482960194306,0.008016388780761071,-0.0,-0.0,-0.0
12.925323222894955,2.385058340746081,0.0069576550989374495,-0.0,-0.0,-0.0
12.961231651498691,3.845849700341254,0.011486233971007336,-0.0,0.5004857120992855,0.7694449792502119
12.996980106162638,6.138444113227792,5.353563692864422e-06,0.10744496971739667,0.49497918883825087,0.8518273779689117
13.032570358988949,5.44577698110655,0.009144512032659707,-0.0,0.5009219951845634,0.75987328008597
13.068004150868843,4.491418487412205,0.012066210840259795,-0.0,0.5025121395072387,0.8216109047773411
13.1032831922336,4.308131726383675,0.011711906859414815,-0.0,0.5018129433956439,0.851327183520449
13.138409163782695,5.98670846111443,3.0593760501109486e-06,-0.0,0.5043499740209496,-0.0
13.173383717189912,4.939866310247537,0.0017279462546129273,-0.0,0.4985243972216651,-0.0
13.208208475788263,4.705190756820627,0.001347702432914749,0.10744496971739667,0.5017680193745466,0.8061980556606256
13.242885035234467,4.580481872433492,0.007887041149540842,0.10744496971739667,-0.0,-0.0
13.277414964153712,5.920579353687484,0.0014520297306172569,-0.0,0.5028156077136623,0.840572026521763
13.311799804765439,3.168745030145728,0.008026529539754917,-0.0,0.46454569896989517,0.7080796930904747
13.346041073490776,4.646486524009573,0.010133160882193706,-0.0,-0.0,-0.0
13.380140261542326,4.168627551323608,0.010460602930312509,-0.0,0.5032470993975644,0.8210840979328281
13.414098835496876,4.102923454144858,0.01533981200931891,-0.0,0.48601760340650885,-0.0
13.44791823785166,3.380880693773144,0.004685368282987698,-0.0,-0.0,-0.0
13.481599887564727,5.731050107106862,0.016836853308835976,-0.0,0.5047796923927378,0.8429442028515668
13.515145180579964,1.8239679611660677,0.0013999487357034112,0.10761265015068057,-0.0,-0.0
13.548555490337327,2.146064709072119,0.01691568163650554,0.10744496971739667,-0.0,-0.0
13.581832168268727,5.496575901440229,0.008973031802140496,0.10744496971739667,0.5044449937661158,0.8660595363988434
13.614976544280106,2.655470480131727,4.659850756993598e-05,0.10744496971739667,-0.0,-0.0
13.647989927220165,4.489454313871241,0.014278973016521042,-0.0,0.5005831949780292,0.8025578892147103
13.680873605336156,5.418894919661704,0.010317509032219226,-0.0,0.5000608452285584,0.7918718324162887
13.713628846717208,5.099254858759127,0.004710182293611317,-0.0,0.5019827862106229,0.8444106512358567
13.746256899725557,4.833388831735793,0.017259187602975373,-0.0,0.5033764620015566,0.8384379730009379
13.778758993416139,4.742764417479233,0.005856375557793014,-0.0,-0.0,-0.0
13.811136337944841,5.450618508302446,0.0006782485640544045,-0.0,0.5048517586973758,0.8569214705537884
13.843390124965884,5.839494405185787,5.4988551553795084e-05,-0.0,0.503977795460709,0.8565618821293147
13.875521528018577,5.665368860858202,0.00999065232738091,-0.0,0.5001539193396614,0.8446701704510442
13.907531702903881,1.8420076945179433,0.0038277965195436976,-0.0,-0.0,-0.0
13.939421788051026,1.8411822172232253,0.00017051942414617171,0.10744496971739667,-0.0,-0.0
13.971192904874584,4.014877751542732,0.01013848872632712,-0.0,0.5003245730087482,0.8117115552693792
14.00284615812221,4.733137248526476,0.0024148271832104247,-0.0,0.49289170034070123,0.787095327493394
14.034382636213413,4.015151758574261,0.01756435104380151,-0.0,-0.0,-0.0
14.0658034115696,1.8410502148269525,0.0004172721343960509,-0.0,-0.0,-0.0
14.097109540935673,5.640196190935866,0.0018161356647199282,-0.0,0.49853757386336905,-0.0
14.128302065693454,5.66577166805284,0.017587072659462973,-0.0,-0.0,0.6717607897663996
14.159382012167166,4.95698102639352,0.0025570478819757565,-0.0,0.5036723623579688,0.8597331828179546
14.190350391921228,3.8941668083139946,0.0039236423101304966,-0.0,0.4611128004795894,-0.0
14.221208202050594,5.040972464793357,0.0017279462546129273,-0.0,0.5001491471522492,-0.0
14.251956425463861,4.804611662343543,0.012438592810487595,-0.0,0.5008514549375611,0.8380998090238074
14.282596031159368,4.4098979863509005,0.0017279462546129273,-0.0,0.5009726447342864,-0.0
14.313127974494481,4.262843324576732,0.005079049646352403,-0.0,-0.0,0.8513042306056451
14.343553197448289,5.155468967977431,0.011105727612042818,-0.0,0.5049556478676063,0.8410720759687282
14.373872628877892,4.697555435978355,0.0017265644572734644,0.10744496971739667,-0.0,-0.0
14.40408718476846,6.4331176361239315,0.0020886339600487288,0.10744496971739667,0.4999696863581535,0.7842794689452368
14.43419776847728,2.5837937527737207,4.588867275273424e-06,0.10761634236759518,-0.0,-0.0
14.464205270971922,4.840156649127994,1.529753628984777e-06,0.10744496971739667,-0.0,-0.0
14.494110571062734,6.430808161702552,0.008113984860953759,0.10744496971739667,-0.0,-0.0
14.523914535629801,5.530070881432521,0.00022573755051790475,0.10744496971739667,0.5049602276768743,0.8366971606381198
14.55361801984454,5.178461706263183,8.546446059998036e-05,-0.0,-0.0,0.8572321261021153
14.583221867386088,4.657397837998151,0.008919751144448557,-0.0,-0.0,0.8489204262485884
14.612726910652627,5.661100681583391,0.0012597825221388886,-0.0,0.5048783332550235,0.7812474032187676
14.642133970967768,4.569670911712351,0.010118490723606812,-0.0,-0.0,-0.0
14.671443858782181,5.464527606845173,0.013704977217039591,-0.0,0.5027839908645525,0.8457034824273588
14.700657373870555,1.8423826986039464,0.00046203560832681147,-0.0,-0.0,-0.0
14.729775305524049,5.990966137345868,0.00020684669034931136,-0.0,-0.0,0.8246847716418438
14.758798432738347,5.304828030404547,0.0017279462546129273,-0.0,-0.0,-0.0
14.78772752439743,5.2720752436542595,0.009143012209359718,-0.0,-0.0,-0.0
14.816563339453221,3.727985737561929,0.005092187629398076,-0.0,-0.0,-0.0
14.845306627101143,5.972279291955968,0.004755179538309732,-0.0,0.5005132690245534,0.8326151193044687
14.873958126951795,5.989645278204915,0.005800673455402765,-0.0,-0.0,0.8584925182050783
14.90251856919876,5.6449808159067,0.0066388162512609145,-0.0,0.5040659545118219,-0.0
14.930988674782721,5.723230897090693,0.0005007375983499577,-0.0,0.5039835921652798,-0.0
14.959369155551935,5.15063294193418,0.0006133731308464614,-0.0,-0.0,-0.0
14.987660714419194,3.872065613571282,0.0012398649330803543,-0.0,-0.0,-0.0
15.015864045515338,5.120843126992464,0.0077681528123273,-0.0,-0.0,-0.0
15.043979834339446,5.629644105269597,3.0593760501109486e-06,-0.0,-0.0,-0.0
15.072008757905758,4.298519220126312,0.0017279462546129273,-0.0,-0.0,-0.0
15.099951484887434,3.4672650671851493,0.0032837813768445035,-0.0,-0.0,-0.0
15.127808675757226,4.402169050713684,0.0017279462546129273,-0.0,-0.0,-0.0
15.15558098292515,5.82383529452999,-0.0,0.10744496971739667,0.24324061358487994,-0.0
15.183269050873207,4.594966380119029,0.0032837813768445035,0.10744496971739667,-0.0,0.8528123409585355
15.210873516287299,5.032825922015807,0.007190877008139259,-0.0,0.49469296964233084,-0.0
15.238395008186298,2.7691348763055057,0.0011542327540702065,-0.0,-0.0,-0.0
15.265834148048478,3.399821532233027,0.009817899159382911,-0.0,-0.0,-0.0
15.293191549935239,2.598489568262008,0.005659246186326367,-0.0,-0.0,-0.0
15.320467820612317,3.347950192465063,0.013864413617672215,-0.0,-0.0,-0.0
15.347663559668435,4.042707397436973,0.01137713587622865,-0.0,-0.0,-0.0
15.374779359631543,5.136441265049041,0.005478019486965897,-0.0,0.504517069660278,0.8280128926498723
15.40181580608266,4.533974831791152,0.0032837813768445035,-0.0,0.5035823609519687,0.83192852404612
15.428773477767376,4.947816651341097,0.0017279462546129273,-0.0,0.5023099565420771,0.8342066750833697
15.455652946705117,5.151456114079786,0.0017996369365855561,-0.0,0.4638273837195832,-0.0
15.482454778296175,4.846495395637398,0.0016503831156509377,-0.0,0.40506627098393305,0.8034841296814483
15.509179531426575,4.9065640436864975,6.718518881100588e-05,0.10744496971739667,-0.0,-0.0
15.535827758570857,4.858423660805867,0.00991569669188847,0.10744496971739667,-0.0,-0.0
15.562400005892776,4.991749827389208,0.0005512179025012971,0.10744496971739667,0.4894985302069152,0.8672254849602322
15.588896813344029,4.776888145363651,0.001214221479692924,-0.0,-0.0,0.8273305715513775
15.615318714760999,4.732325077969674,0.017273432124476597,-0.0,0.5012393098003687,0.8336514122651811
15.641666237959592,3.096408422878744,0.01444802653497717,-0.0,-0.0,-0.0
15.667939904828238,3.2855745997721115,0.011905058410666596,-0.0,-0.0,-0.0
15.69414023141902,4.99098152756807,0.004413927149023222,-0.0,0.4472874841503188,-0.0
15.720267728037078,4.8562717623189355,0.0007311467747770024,-0.0,0.4091819994690713,-0.0
15.746322899328248,4.8404145686132445,0.0028709975549996267,-0.0,-0.0,-0.0
15.772306244365017,5.108443971779372,0.002783435653523111,-0.0,-0.0,0.839299432719064
15.798218256730813,4.884671479403399,0.0017279462546129273,-0.0,0.5033720026138837,0.8181601357691741
15.8240594246027,4.184570439610473,0.0017279462546129273,-0.0,0.49784689060702797,-0.0
15.84983023083246,4.995676443077038,0.011079979194478985,-0.0,-0.0,0.8456672085810559
15.875531153026177,5.257396900682642,1.5291633319778097e-05,-0.0,-0.0,0.8358830527792876
15.90116266362228,4.6016796665710595,1.5291633319778097e-05,-0.0,-0.0,0.7472712646039881
15.926725229968117,4.4234900433394335,2.7515499895651397e-05,-0.0,-0.0,0.8216990381175117
15.952219314395109,4.284214769318327,0.011843774204858297,-0.0,0.5037831105652139,-0.0
15.977645374292482,3.2786548252589496,0.011668046521920786,-0.0,-0.0,0.7381272638477283
16.00300386217963,4.201071369262444,0.0017279462546129273,-0.0,0.5041512981110334,0.5393743433812579
16.02829522577713,5.568422462357671,0.012512665734205739,-0.0,0.5036902942256439,0.8172576870699337
16.053519908076456,5.015894174276509,0.0017279462546129273,-0.0,0.503367348678586,0.8418177734146328
16.078678347408395,5.181039131357976,0.012421577493846736,-0.0,0.47078828273039214,-0.0
16.103770977510226,6.5155817002557175,3.0593760501109486e-06,-0.0,0.49336308488724245,-0.0
16.128798227591638,4.956199971357389,0.0032837813768445035,-0.0,-0.0,0.4239715897018271
16.153760522399484,5.140217817743256,0.0017279462546129273,-0.0,0.5039684912601574,0.8478003532007614
16.178658282281358,3.1800780687726293,0.013114551709318087,-0.0,-0.0,-0.0
16.20349192324799,2.7521626150661462,0.0017279462546129273,-0.0,-0.0,-0.0
16.228261857034557,2.7803567325639293,0.012521042227150147,0.10744496971739667,-0.0,0.6536219374969163
16.252968491160875,4.8372163564103,-0.0,0.10744496971739667,0.5036695023530544,-0.0
16.277612228990524,5.396420887291387,0.006086739551920229,-0.0,0.5031239039441272,0.2708776504112952
16.30219346978891,5.575778460614216,0.010047423629969568,-0.0,0.5005935516694441,-0.0
16.326712608780326,3.5929258870422593,0.0032837813768445035,-0.0,-0.0,-0.0
16.351170037203968,6.283719082608077,0.0012683113221889676,-0.0,-0.0,0.8375469700970035
16.37556614236899,5.625308689531221,0.014997370216472902,-0.0,0.5013509061676074,0.8161469141286043
16.399901307708596,5.269670277904328,0.014179150890638429,-0.0,0.5031158573724557,-0.0
16.424175912833185,4.752423915345712,0.0020507644448584973,-0.0,0.5039189960945153,0.7317967525594157
16.448390333582545,5.769117248658804,0.017228212917437615,-0.0,-0.0,0.8339219195884097
16.472544942077192,4.7670523591079315,0.00017430700388604682,0.10744496971739667,-0.0,-0.0
16.496640106768798,4.708239099697744,0.006987081807088628,0.10744496971739667,-0.0,-0.0
16.520676192489734,6.414778156520414,0.002327265434531046,-0.0,-0.0,-0.0
16.544653560501786,3.831241699914181,0.005332831562252218,-0.0,-0.0,-0.0
16.568572568544052,3.6114317036488135,0.005581601974767719,-0.0,-0.0,-0.0
16.592433570879987,5.139343982911874,0.006375920014186084,-0.0,-0.0,0.7452183456895034
16.616236918343684,5.535875900524226,0.012129283030778761,-0.0,0.5044277827698805,-0.0
16.639982958385364,5.671572078607035,0.01240356097368014,-0.0,0.4962028927302392,0.8542618917374741
16.663672035116083,4.681440045448208,9.176553887966215e-06,-0.0,-0.0,0.33512735026440804
16.687304489351718,5.750507816940865,9.176553887966215e-06,-0.0,0.5031892077195275,0.8522059198786607
16.710880658656208,6.385485100398977,9.176553887966215e-06,-0.0,0.5039621075764399,0.826665094942441
16.73440087738405,4.184997597863185,0.0017279462546129273,-0.0,-0.0,0.8601401078949396
16.757865476722152,4.0756345169965,0.0017279462546129273,-0.0,-0.0,-0.0
16.781274784730908,3.6257858125549123,0.0017279462546129273,-0.0,-0.0,-0.0
16.804629126384683,3.4967194338219967,0.0030039348610931527,-0.0,-0.0,-0.0
16.82792882361158,5.602043612682438,0.005403500591079071,-0.0,0.5042403842677571,0.8616452026953504
16.85117419533256,4.852594768472453,0.005304882915037148,-0.0,-0.0,-0.0
16.87436555749996,5.634198771926072,0.011365901791750992,-0.0,0.4858044999180531,0.822036225060222
16.897503223135335,3.4756051448287173,0.006968874567420938,-0.0,-0.0,-0.0
16.92058750236674,5.71502351563427,0.013546338921395663,-0.0,0.5037611822972804,0.865519704667289
16.943618702465372,5.394404602141252,0.013374081442651144,-0.0,0.5025555500865055,0.8118442747515813
16.966597127881634,5.105080495390623,0.01037713494131999,-0.0,0.49996565239271007,-0.0
16.98952308028062,2.48369394276903,0.0017279462546129273,-0.0,-0.0,-0.0
17.012396858577063,3.5857296045428377,0.0017279462546129273,-0.0,-0.0,0.8665423656351672
17.035218758969666,4.686881030063771,0.014504091656134024,-0.0,-0.0,0.818922452461999
17.05798907497495,5.714788640091558,0.013980511175707207,-0.0,-0.0,-0.0
17.08070809746054,5.244738492588209,0.0049513536628155025,-0.0,0.49393428047044374,0.8051145362700507
17.103376114677914,4.688937928530964,0.0003993344815975112,-0.0,0.4859640667086202,-0.0
17.125993412294665,5.06809411325559,5.4988551553795084e-05,-0.0,0.5035214740397675,0.8491608687601653
17.14856027342624,3.2992793741592523,0.001952967936203872,-0.0,-0.0,-0.0
17.17107697866721,5.159611926731125,0.00012196661366551699,-0.0,-0.0,-0.0
17.193543806121994,5.696474431127463,3.0593760501109486e-06,-0.0,0.49966881460273815,0.632970879001586
17.215961031435192,4.2257085405913,1.5291633319778097e-05,-0.0,-0.0,0.8395672201737407
17.238328927821385,4.717322085443676,1.5291633319778097e-05,-0.0,-0.0,0.7999900476451905
17.260647766094497,3.902059957971794,0.0017500389299049506,-0.0,-0.0,-0.0
17.282917814696717,4.116217843716837,0.0032036489507657577,-0.0,0.40890837575687566,0.7853528394221921
17.305139339726963,5.294495551226148,0.003390771451663089,-0.0,0.503551547139573,0.7661037721414716
17.327312604968913,4.137214427250745,0.002658948784099133,-0.0,-0.0,-0.0
17.34943787191864,2.3513152600222504,0.018107188173019952,-0.0,-0.0,-0.0
17.37151539981178,3.4243226027200064,0.014692768457337402,-0.0,-0.0,-0.0
17.393545445650336,2.7582298993140353,0.0017279462546129273,-0.0,0.5047658818652537,0.8662880042335276
17.415528264229042,4.627492153621246,0.0012995461124705922,-0.0,0.5036368815114091,0.8592847027378877
17.437464108161358,4.593029818495638,0.006493508725698064,-0.0,-0.0,-0.0
17.45935322790508,2.7148810671218464,0.014501698092849779,-0.0,-0.0,-0.0
17.481195871787524,5.366626222099775,0.01369838792755432,-0.0,0.503696338062008,0.8451334168693356
17.502992286030402,6.851332855940567,-0.0,-0.0,0.5043875200378996,0.8426703048972156
17.524742714774277,6.832903793899846,-0.0,-0.0,-0.0,-0.0
17.54644740010269,3.1235219378005743,0.0063562048859436,-0.0,-0.0,-0.0
17.5681065820659,4.616827479484969,0.0017279462546129273,-0.0,0.5044193683278736,0.8380296562841688
17.589720498704324,5.401308591142257,0.01087775952420088,-0.0,-0.0,0.8629969560997762
17.611289386071572,4.655228179559593,0.01509789605131837,0.10744496971739667,0.5036534510342509,0.8451851708276089
17.632813478257212,4.294405183631512,0.014692768457337402,-0.0,-0.0,-0.0
17.654293007409148,5.752149846876546,0.009120484347709115,-0.0,0.5039286685369693,-0.0
17.67572820375572,3.392194995427371,0.01521347547961631,-0.0,-0.0,-0.0
17.697119295627445,5.214450310735362,0.00749417038124116,-0.0,-0.0,-0.0
17.71846650947848,4.858847786280531,0.005852258256107832,-0.0,-0.0,0.788256051241674
17.739770069907745,5.602218809981502,0.005698927717424633,-0.0,0.4990236503301454,-0.0
17.761030199679787,4.350829095420665,0.0017279462546129273,-0.0,0.5023005571224727,-0.0
17.78224711974529,4.716802431975594,0.008036659976211783,0.10744496971739667,-0.0,-0.0
17.803421049261345,4.718701826014306,0.0013590129647917159,0.10744496971739667,-0.0,-0.0
17.824552205611397,6.325763757794429,0.003425436097422988,-0.0,0.504637217070721,0.8573913111375896
17.845640804424942,6.1882737016663905,0.010454214800142074,-0.0,0.49313187403417086,0.8151368933036124
17.866687059596913,1.6748022649625223,0.00597516921355077,0.10744496971739667,-0.0,-0.0
17.887691183306824,5.23325774708949,0.0017279462546129273,-0.0,-0.0,0.7614662904074221
17.908653386037617,4.60922825357498,0.014400944870329708,-0.0,-0.0,0.8484037405413504
17.92957387659428,3.9171978708973496,0.015546191224962246,-0.0,-0.0,0.820991926584034
17.950452862122177,2.8719898509811057,0.017703024928259196,-0.0,-0.0,-0.0
17.971290548125125,5.604235152105697,0.017782642698426044,-0.0,0.5039781320611086,0.8499628884525728
17.992087138483253,3.5391581226539297,0.014393552885153107,-0.0,-0.0,0.8704065255519469
18.012842835470583,5.273189804487304,0.014020759542414314,-0.0,0.5036727227510065,0.8164503935165407
18.03355783977236,4.84733187172099,0.016038578949852545,-0.0,-0.0,0.8190833164818235
18.054232350502193,4.964562444889603,0.0017279462546129273,-0.0,0.4767345046156196,0.8299396634922109
18.074866565218905,4.0070623627939375,0.00636606664468124,-0.0,0.4887116239359572,-0.0
18.095460679943205,4.4867760789455495,0.004284269962334423,-0.0,-0.0,-0.0
18.116014889174078,3.4148083607857935,0.015497275342091079,-0.0,-0.0,-0.0
18.13652938590501,5.881669085372227,0.014434636236964067,-0.0,0.50403420144141,0.8556086910587632
18.157004361639963,6.5433485091007,0.005120607187228814,-0.0,-0.0,-0.0
18.177440006409118,5.650961870873888,0.01295936958391866,-0.0,-0.0,-0.0
18.197836508784455,4.577353350861208,0.017805839011318075,-0.0,0.5033683851310469,0.8267644201965826
18.218194055895076,2.8095447828915754,0.011703372502171266,-0.0,-0.0,-0.0
18.238512833442357,6.673589725685659,0.008962706858579002,-0.0,-0.0,-0.0
18.25879302571488,5.735364952529786,0.0017279462546129273,-0.0,0.5051230808656909,0.8777987663333473
18.27903481560317,4.0604375244851285,0.011942154388314922,-0.0,-0.0,-0.0
18.29923838461424,6.311108198938183,0.010638545250466853,-0.0,-0.0,-0.0
18.319403912885956,5.379549858013731,0.014598537909622806,-0.0,-0.0,0.8059573236825078
18.33953157920117,7.212304240881306,-0.0,-0.0,0.5049185893757123,0.8716082560379232
18.35962156100173,6.28145289375855,3.0593760501109486e-06,-0.0,0.4958639466402927,0.8363386679173844
18.379674034402253,4.8335169954955814,0.018093042092839406,-0.0,-0.0,0.8560488838372562
18.399689174203743,5.913374497600272,-0.0,-0.0,0.5047736458429718,0.8469149432157698
18.41966715390703,6.035344011667726,0.005948644994553842,-0.0,-0.0,0.802932342977153
18.43960814572604,4.592804981193364,0.0017279462546129273,-0.0,-0.0,-0.0
18.459512320600865,1.1376628808184621,0.0032837813768445035,-0.0,-0.0,-0.0
18.479379848210705,4.582897924376903,2.7515499895651397e-05,-0.0,0.5034667904298008,-0.0
18.49921089698661,2.7123601480455606,4.888709391429097e-05,0.10744496971739667,-0.0,-0.0
18.519005634124078,5.279242541799196,-0.0,0.10744496971739667,0.4844111805167894,-0.0
18.538764225595475,4.327162612383407,0.018090482943450135,-0.0,-0.0,0.6913316004745679
18.55848683616233,3.7022928921623524,0.000845201170241956,-0.0,-0.0,-0.0
18.57817362938743,4.661308474135285,3.0593760501109486e-06,-0.0,0.5046948790872,0.8548777492538825
18.597824767646763,3.953356786343314,0.0017251825416211407,-0.0,-0.0,-0.0
18.61744041214138,4.516438678460821,0.0009237164667651699,-0.0,-0.0,-0.0
18.637020722909014,3.7177820185171857,0.01809109828645798,-0.0,-0.0,-0.0
18.6565658588356,4.799284419739133,0.018094497357384023,-0.0,-0.0,0.8137029494033418
18.676075977666653,5.572033986566658,0.0017279462546129273,-0.0,-0.0,-0.0
18.695551236018492,3.950434076922878,0.0032837813768445035,-0.0,-0.0,-0.0
18.714991789389323,5.168880273261234,4.888709391429097e-05,0.10744496971739667,-0.0,-0.0
18.734397792170185,3.6879944710496364,7.63271763618463e-05,-0.0,-0.0,-0.0
18.75376939765578,5.70460214985512,2.7515499895651397e-05,-0.0,0.43070015497658554,-0.0
18.773106758055118,6.983861373108377,3.0593760501109486e-06,-0.0,0.498626832158878,0.8446081364999436
18.792410024502093,2.611730775863753,7.328036989009706e-05,0.10744496971739667,-0.0,-0.0
18.811679347065883,5.410695716912645,-0.0,0.10744496971739667,0.4897554792631579,-0.0
18.83091487476124,4.172242204388406,0.0017251825416211407,0.10744496971739667,-0.0,-0.0
18.850116755558666,1.7392888776178876,0.00022422702678903095,0.10761634236759518,-0.0,-0.0
18.869285136394417,4.175285081917785,3.0593760501109486e-06,0.10744496971739667,-0.0,-0.0
18.888420163180463,5.604012074935141,0.0017279462546129273,-0.0,-0.0,-0.0
18.907521980814234,4.460788040585176,0.012690450739680925,-0.0,-0.0,-0.0
18.926590733188338,4.538604448925203,0.015218752993530874,-0.0,-0.0,-0.0
18.94562656320009,3.6518826117010956,0.004685368282987698,-0.0,0.4734732910450444,0.8194245842943918
18.964629612760966,2.4197729662920917,0.0017279462546129273,-0.0,-0.0,0.6796220228782007
18.98360002280593,5.092587067958531,0.007087839377628725,-0.0,0.3842141907489283,0.766535127292567
19.002537933302655,3.6313361504685346,0.015356752294655692,-0.0,-0.0,-0.0
19.021443483260622,4.774994814798944,0.0017279462546129273,-0.0,-0.0,0.8330407442274356
19.040316810740123,3.389194179035615,0.01216898346195964,-0.0,-0.0,-0.0
19.059158052861157,5.6783941548254075,0.007733431218990667,-0.0,-0.0,0.8568549853101654
19.077967345812187,6.120468504342126,2.7515499895651397e-05,-0.0,-0.0,-0.0
19.096744824858863,2.934977807619221,4.888709391429097e-05,0.10744496971739667,-0.0,-0.0
19.115490624352567,3.8481346959975355,2.7515499895651397e-05,-0.0,-0.0,-0.0
19.1342048777389,5.85617909832778,0.012528477377103494,-0.0,-0.0,0.7655845978788159
19.152887717566056,4.685991427565698,0.014471039899859045,-0.0,0.48563593189338733,0.8249153043785615
19.171539275493107,2.8756327734939955,0.011299233947604348,-0.0,-0.0,-0.0
19.19015968229818,5.174538582898287,0.012814319250746158,-0.0,-0.0,0.8294829791330554
19.208749067886547,5.897895336348568,0.0017279462546129273,-0.0,-0.0,0.8487700214180802
19.2273075612986,5.067482988901645,0.007709055837711997,-0.0,-0.0,-0.0
19.245835290717768,5.112033526741019,0.0017279462546129273,-0.0,-0.0,0.7576048408688995
19.264332383478326,3.4360705393269657,2.1404615078206534e-05,0.10744496971739667,-0.0,-0.0
19.2827989660731,3.0747114691696105,0.009032836034801265,0.10744496971739667,-0.0,-0.0
19.301235164161085,3.4463560072919948,-0.0,0.10761265015068057,-0.0,0.8061770073820946
19.31964110257502,5.664316702002339,0.010614813462415043,-0.0,-0.0,0.843631240663628
19.33801690532881,4.8416291762627335,0.017868305466992376,-0.0,-0.0,-0.0
19.3563626956249,5.391128537248483,9.176553887966215e-06,-0.0,-0.0,-0.0
19.37467859586157,5.066304894103273,9.176553887966215e-06,-0.0,-0.0,-0.0
19.392964727640123,4.248083719004409,9.176553887966215e-06,-0.0,-0.0,-0.0
19.411221211772013,4.544246741531051,3.0593760501109486e-06,-0.0,0.4739567064995671,0.8162576063045608
19.42944816828588,5.380154127323303,0.00904346003305268,-0.0,0.5041085035968433,-0.0
19.44764571643451,3.398414463625625,0.0017279462546129273,-0.0,-0.0,-0.0
19.465813974701707,4.6074695590764465,0.008048465786472132,-0.0,-0.0,0.8551279654063769
19.48395306080911,3.5012970614454044,0.012034929145379531,-0.0,-0.0,-0.0
19.5020630917229,5.90840899650918,0.017867120469654784,-0.0,-0.0,0.7924343789404173
19.520144183660477,5.7085513718045435,0.017881456228512418,-0.0,0.503840869194666,0.4303619510800545
19.538196452097004,5.442636081148911,3.0593760501109486e-06,-0.0,-0.0,-0.0
19.55622001177194,4.931134780999758,0.0180087111559876,-0.0,-0.0,-0.0
19.574214976695462,4.181706767869125,0.01158702643233709,-0.0,-0.0,0.5717449177949786
19.5921814601548,5.391912387513632,0.0017279462546129273,-0.0,-0.0,0.8566552623719441
19.610119574720567,5.821022549072766,0.0017279462546129273,-0.0,-0.0,-0.0
19.62802943225295,3.0836984328120685,0.011271924575020038,-0.0,-0.0,-0.0
19.645911143907863,2.143965796855138,0.001708590321637127,0.10744496971739667,-0.0,-0.0
19.663764820143047,2.9536852226958006,0.011323039198661391,-0.0,-0.0,-0.0
19.68159057072407,1.2357658771129174,0.0032662898433486734,0.10744496971739667,-0.0,-0.0
19.699388504730276,3.707247855029367,0.003565717627547329,-0.0,-0.0,-0.0
19.717158730560698,5.9701663572868915,0.011643309052295768,-0.0,-0.0,0.798416858116056
19.73490135593984,7.0067997158974515,0.002435979918830623,-0.0,-0.0,0.659072696786206
19.752616487923465,6.2764177605099585,0.0010018692793279259,-0.0,0.49549747442205966,0.8149534223915961
19.770304232904277,5.037507987455817,1.5291633319778097e-05,-0.0,-0.0,0.8225324734481504
19.78796469661756,4.440025012160982,1.5291633319778097e-05,-0.0,-0.0,0.8228868339772429
19.80559798414676,2.136473720391323,2.7515499895651397e-05,-0.0,-0.0,-0.0
19.82320419992898,5.841555391181074,0.004186210408477714,-0.0,0.4940560903495477,0.827546838492692
19.840783447760444,5.013852647240219,0.003519108855197218,-0.0,0.5016106610073676,0.8542395910534145
19.858335830801895,4.886860645170232,0.000441160314694398,-0.0,0.4662027120274401,0.7687016856190372
19.875861451583933,6.6158654692828085,-0.0,0.10744496971739667,0.4941119687165647,0.8218345804943588
19.893360412012292,4.856115564041023,0.0036365662409415986,0.10744496971739667,-0.0,-0.0
19.91083281337307,4.978757061797496,0.0008072677234207621,-0.0,0.456934825539949,0.8612249655489957
19.928278756337892,5.064617950455395,0.016355693675717924,-0.0,-0.0,-0.0
19.945698340969034,5.798887905049572,0.016216442464209214,-0.0,-0.0,-0.0
19.963091666724473,5.663780773941388,0.004223649360925819,-0.0,0.5009716387656651,-0.0
19.9804588324629,4.566488133826291,0.009093375248418658,-0.0,0.5009762530752954,0.866710793073455
19.997799936448683,5.8848934795782135,3.0593760501109486e-06,-0.0,0.48153546858650736,0.8286496673260603
20.01511507635675,4.9795352143325635,3.0593760501109486e-06,-0.0,-0.0,-0.0
20.03240434927746,5.939725868282604,0.01814467016465965,-0.0,-0.0,-0.0
20.049667851721388,4.375177993394802,0.01675287519930837,-0.0,0.49939808955762527,0.8322746154519651
20.066905679624085,3.795852546931763,0.00837665859931829,-0.0,-0.0,0.7907689972608213
20.08411792835078,7.791080796535857,0.006757545058685777,-0.0,0.5048269390379866,-0.0
20.101304692701024,7.784410893626244,0.003794095484840524,-0.0,0.500277336663566,-0.0
20.1184660669133,3.655103686679292,0.01652139786419782,-0.0,-0.0,-0.0
20.13560214466958,4.258653180289364,0.004685368282987698,0.10744496971739667,-0.0,0.8467739042365557
20.152713019099828,5.429173724826336,0.0017279462546129273,-0.0,0.4981727435045305,-0.0
20.16979878278648,5.440907054523384,0.0017279462546129273,-0.0,-0.0,0.8317526060292746
20.186859527768828,3.1697198643885343,0.0017279462546129273,-0.0,-0.0,0.8589009307330967
20.203895345547437,4.626490699328622,0.005979244652772701,-0.0,-0.0,-0.0
20.220906327088425,4.99066010809002,3.0593760501109486e-06,-0.0,-0.0,0.8100901886587116
20.23789256282779,3.9776008386065436,0.0008655918894830946,-0.0,-0.0,0.8263981745045714
20.254854142675615,4.1329327858794676,0.015737603596337444,-0.0,-0.0,0.8518712679568992
20.271791156020285,4.274554217361917,0.01488065496551922,-0.0,-0.0,0.8288338665275822
20.28870369173263,5.10241899492387,0.014782806323825006,-0.0,0.4428854551307589,-0.0
20.30559183817004,3.592844849580086,0.002345880478235954,-0.0,-0.0,-0.0
20.322455683180554,5.736626136332422,0.014729970407776048,-0.0,0.49529758802441365,0.8581393630475588
20.339295314106845,4.0409097643436995,0.010052809426292802,-0.0,-0.0,-0.0
20.35611081779026,3.9528287143906167,0.0032837813768445035,-0.0,-0.0,-0.0
20.372902280574728,3.8747705618810366,0.009604538832455057,-0.0,0.474205457333269,0.8379878548962479
20.38966978831069,6.000308881962661,0.010282294788097921,-0.0,0.5005386140369283,-0.0
20.40641342635898,4.808876558090013,1.5291633319778097e-05,-0.0,0.4825536914031547,-0.0
20.423133279594627,4.719161651593975,1.5291633319778097e-05,-0.0,0.5040428379629573,0.8480307557158218
20.43982943241067,2.958819713303016,0.01575641058174865,-0.0,-0.0,-0.0
20.456501968721913,6.311273547617211,0.010436299308772254,-0.0,0.4898039720186926,0.8312383443675545
20.473150971968632,5.128195419762125,0.004425443527998068,-0.0,-0.0,0.8619905546912588
20.48977652512027,2.664011004840477,0.01814165815364359,-0.0,-0.0,-0.0
20.50637871067908,5.65976042960027,0.013903007651882968,-0.0,0.5011927533594673,0.8409198228242896
20.522957610683733,5.640193306737293,0.0017279462546129273,-0.0,0.5016856948673866,0.8342336544131563
20.539513306712884,3.282797471872545,0.009530278275290186,-0.0,-0.0,0.7104621667456176
20.55604587988873,4.115472061805319,0.0017279462546129273,-0.0,8.326437142612724e-10,0.6711532202410158
20.57255541088051,3.4693005715714516,0.004265646120301495,-0.0,-0.0,-0.0
20.589041979907957,5.732661440915128,0.003331153035606555,-0.0,0.5042633876801172,0.8234198252184545
20.60550566674476,7.117028576385724,0.0020724152795175395,-0.0,0.4973856444566408,-0.0
20.621946550721958,5.675018744036387,0.009088849023476939,-0.0,0.5007212414690795,-0.0
20.6383647107313,4.585850401027029,0.0003364071570599696,-0.0,0.4991172409861533,0.8056422066690461
20.65476022522861,5.019787648059585,0.0018243786748711145,-0.0,-0.0,-0.0
20.671133172237056,4.589487180551046,0.0016253730190204227,-0.0,0.4977929276500424,0.8063779929281161
20.687483629350464,4.258559479849746,0.008752142227983609,-0.0,0.47796930096015483,-0.0
20.703811673736528,6.404371846335049,0.007618009565941083,-0.0,0.4997646739690936,0.8082258283705055
20.720117382140035,5.429438669248795,3.0593760501109486e-06,-0.0,-0.0,0.8177671444095708
20.736400830886055,2.910985551918587,0.0017279462546129273,-0.0,-0.0,-0.0
20.752662095883068,5.912146513289026,3.0593760501109486e-06,-0.0,0.4780630874871844,0.8299582261386323
20.768901252626105,4.675258739935841,0.018157754148248616,-0.0,-0.0,-0.0
20.785118376199833,4.674864189824185,0.0006517381849776142,-0.0,0.5017825079887043,0.8609606585816507
20.80131354128161,3.623708309250664,0.009844185519209767,-0.0,-0.0,-0.0
20.817486822144524,4.536018789157525,0.0017279462546129273,-0.0,0.4864084888480541,0.830894094063594
20.833638292660396,6.276389836888297,0.0023192807302122548,-0.0,0.48983872827849845,0.8407984842647097
20.84976802630275,3.4946767034479675,0.017575824453080383,-0.0,0.49926272817944095,-0.0
20.865876096149766,4.513165522919943,0.017464105858654808,-0.0,-0.0,-0.0
20.881962574887204,4.340923168704472,0.007651369741277449,0.10744496971739667,-0.0,-0.0
20.898027534811273,4.3755948288859825,0.0014238983369147782,0.10744496971739667,-0.0,-0.0
20.914071047831527,6.453012617331202,3.0593760501109486e-06,-0.0,-0.0,0.6933524606175715
20.930093185473694,5.721766940685895,3.0593760501109486e-06,-0.0,-0.0,-0.0
20.94609401888246,5.039383969877217,3.0593760501109486e-06,-0.0,-0.0,0.8272115478566349
20.9620736188243,5.746373235747991,0.00864819378257107,-0.0,0.4964599184865889,0.8455835244117497
20.978032055690196,4.250350327229514,0.0017279462546129273,-0.0,0.49294491430096254,-0.0
20.99396939949842,3.572718912336376,0.017545202406623602,-0.0,-0.0,-0.0
21.009885719897177,5.317789575183649,0.0044162312111413905,-0.0,-0.0,-0.0
21.025781086167353,5.293753423187479,0.004014091311641468,-0.0,-0.0,-0.0
21.041655567225128,4.836061729883906,0.004739447964804013,-0.0,-0.0,-0.0
21.057509231624646,4.342771066641427,0.0017279462546129273,-0.0,0.4969417473307686,-0.0
21.07334214756059,4.645105142764106,0.01761600079979916,-0.0,0.49222578596832206,-0.0
21.089154382870813,5.205146163164122,3.0593760501109486e-06,-0.0,0.4913981688098007,0.8406773305768037
21.104946005038848,6.215934997983496,3.0593760501109486e-06,-0.0,-0.0,-0.0
21.120717081196496,3.426501615390291,0.005172908838927138,-0.0,-0.0,-0.0
21.136467678126305,4.566259355198298,0.010245606229623233,-0.0,-0.0,-0.0
21.152197862264092,5.136226051459627,3.0593760501109486e-06,-0.0,-0.0,-0.0
21.1679076997014,4.399282037391711,0.0017279462546129273,-0.0,0.4932345874617104,-0.0
21.183597256187937,3.281529623474844,0.017642789115487296,-0.0,-0.0,-0.0
21.199266597134038,1.9462934334060857,0.017717177004111753,-0.0,-0.0,-0.0
21.21491578761302,4.9703676300169,0.007953625356015464,-0.0,-0.0,0.7321508712522903
21.230544892363618,3.701540253132751,0.00945391409757806,-0.0,-0.0,-0.0
21.246153975792282,4.398089633084975,0.0017279462546129273,-0.0,-0.0,-0.0
21.261743101975597,2.9953675630050944,0.017780209640660804,-0.0,-0.0,-0.0
21.27731233466253,3.000903916158391,0.01783370870433797,-0.0,-0.0,-0.0
21.292861737276773,4.8897269679246955,0.016886448450917798,-0.0,0.49569170934477524,-0.0
21.308391372918997,4.391590672912056,0.0017279462546129273,-0.0,0.4918118370470701,-0.0
21.323901304369137,2.7396519720342756,0.01785727294878649,-0.0,-0.0,-0.0
21.339391594088593,2.9672155516209244,0.01789908530360987,-0.0,-0.0,-0.0
21.354862304222486,5.034143664488402,0.015657613838561152,-0.0,-0.0,-0.0
21.370313496601824,5.65380808097915,0.0017279462546129273,-0.0,-0.0,-0.0
21.3857452327457,4.7214046048877965,0.0032837813768445035,-0.0,-0.0,-0.0
21.40115757386346,7.310879056912545,3.0593760501109486e-06,-0.0,0.5051257532187162,0.8780604866211682
21.41655058085681,3.537089077838828,0.007022940923294641,-0.0,-0.0,-0.0
21.43192431432198,3.9380803112016274,0.0006045075075243716,-0.0,-0.0,-0.0
21.447278834551792,5.028178718424588,0.013675615423116684,-0.0,-0.0,-0.0
21.462614201537757,5.979212098467806,3.0593760501109486e-06,-0.0,0.16141675495031227,-0.0
21.477930474972172,4.38914376786625,0.0017279462546129273,-0.0,-0.0,-0.0
21.493227714250107,2.736365241841464,0.01791731712587513,-0.0,-0.0,-0.0
21.50850597847149,3.0096245433842634,0.017950172962648978,-0.0,-0.0,-0.0
21.5237653264431,5.725842698904486,9.176553887966215e-06,-0.0,-0.0,-0.0
21.53900581668056,4.578740171244103,9.176553887966215e-06,-0.0,-0.0,-0.0
21.554227507410314,5.547831220206049,9.176553887966215e-06,-0.0,-0.0,-0.0
21.569430456571606,7.152444126844157,2.1404615078206534e-05,-0.0,-0.0,-0.0
21.584614721818404,4.914157659140237,4.5835580021974465e-05,-0.0,-0.0,-0.0
21.599780360521347,5.93712497153505,2.1404615078206534e-05,-0.0,-0.0,-0.0
21.61492742976963,4.350091551950561,0.0031583814588462046,-0.0,0.4689014078595584,-0.0
21.630055986372927,2.9422372832262336,0.01650360071471725,-0.0,-0.0,-0.0
21.64516608686326,4.866724541214711,0.01567301625540505,-0.0,-0.0,-0.0
21.660257787496846,4.212919090563153,0.0017279462546129273,-0.0,0.4724268154394688,-0.0
21.675331144255978,2.833481336431084,0.0025622901239191736,-0.0,-0.0,-0.0
21.69038621285081,3.0474864428993205,0.0045719884864844585,-0.0,-0.0,-0.0
21.70542304872122,5.27736572546116,0.007087839377628725,-0.0,0.5036554430023716,-0.0
21.720441707038574,3.998126721604086,0.0017279462546129273,-0.0,-0.0,-0.0
21.735442242707542,4.7194722241367675,3.0593760501109486e-06,-0.0,-0.0,-0.0
21.750424710367835,5.235361243475,1.5291633319778097e-05,-0.0,-0.0,-0.0
21.765389164395984,6.283606744197339,1.5291633319778097e-05,-0.0,-0.0,0.1648508210520123
21.78033565890707,5.3020005705565,2.7515499895651397e-05,-0.0,-0.0,-0.0
21.79526424775646,4.373719276425636,0.0010911554762257588,-0.0,-0.0,-0.0
21.810174984541497,4.0361771750314634,0.0017279462546129273,-0.0,0.48666358422434225,-0.0
21.82506792260322,2.7641107318159213,0.006302806112633399,-0.0,-0.0,-0.0
21.839943115028035,3.561463880039462,0.0032837813768445035,-0.0,-0.0,-0.0
21.854800614649378,3.3986495891029636,0.009085830262030027,-0.0,-0.0,-0.0
21.869640474049387,2.7210001494539067,0.0012910333700735567,0.10761265015068057,-0.0,-0.0
21.884462745560533,6.505506312677356,0.007762952088382315,0.10744496971739667,-0.0,0.6744912558125352
21.89926748126724,5.278458813228488,0.014829377811542924,-0.0,0.4993385542921922,0.8016427469717206
21.914054733007507,6.50583151896852,0.014104732646703788,0.10744496971739667,0.504250262222216,-0.0
21.928824552374518,6.161564041067895,0.0017279462546129273,-0.0,-0.0,-0.0
21.9435769907182,3.4427357587118554,0.006987548262576974,-0.0,-0.0,-0.0
21.95831209914684,3.940833811104909,0.00509875158178557,-0.0,-0.0,-0.0
21.9730299285286,7.379735209776994,3.0593760501109486e-06,-0.0,-0.0,-0.0
21.987730529493106,4.017121224759434,0.004685368282987698,-0.0,-0.0,-0.0
22.002413952432946,4.384222135268282,0.005566857380756188,-0.0,-0.0,-0.0
22.017080247505238,4.344699308269113,0.0017279462546129273,-0.0,-0.0,-0.0
22.031729464633095,4.531622600195265,0.015716663373190477,-0.0,-0.0,-0.0
22.046361653507148,4.44111697531139,3.6677896958852754e-05,-0.0,0.5001416600347328,-0.0
22.060976863587037,3.6163408437709363,0.006542150756989992,-0.0,-0.0,-0.0
22.075575144102874,3.5334277454720056,0.0017279462546129273,-0.0,0.4887369588624635,-0.0
22.0901565440567,5.135476250409408,0.010217975668145881,-0.0,-0.0,-0.0
22.104721112223956,4.425978751868641,3.6677896958852754e-05,-0.0,0.49992491110241283,-0.0
22.119268897154896,6.407110380636361,3.0593760501109486e-06,-0.0,-0.0,0.7442395808585163
22.13379994717603,4.581183860052834,0.015075338758217252,-0.0,0.5032709293048347,0.8671569915279436
22.148314310391545,3.603531763311402,0.00743706580140608,-0.0,-0.0,-0.0
22.162812034684688,4.393055187812049,0.017953843722972016,-0.0,0.5014773214613014,-0.0
22.17729316771919,3.2988542358552824,0.0017279462546129273,-0.0,0.47209425715942643,0.7897220557267436
22.191757756940614,4.736048202002422,1.5291633319778097e-05,-0.0,-0.0,-0.0
22.206205849577742,4.635445319797182,1.5291633319778097e-05,-0.0,-0.0,-0.0
22.22063749264394,4.092840407723134,0.018040451803185444,-0.0,-0.0,0.8468304887750452
22.235052732938506,4.148085616424172,0.00015232773328090096,-0.0,-0.0,-0.0
22.249451617047985,3.5597992752951804,0.0017279462546129273,-0.0,-0.0,-0.0
22.26383419134753,3.624328130442368,0.007902445889165664,-0.0,-0.0,-0.0
22.278200502002207,4.892577967819182,0.000459054957365346,-0.0,0.4667170456340087,-0.0
22.292550594968283,5.949489878710843,0.007087839377628725,-0.0,0.4948035693682664,-0.0
22.306884515994554,6.239723791245779,3.0593760501109486e-06,-0.0,-0.0,-0.0
22.321202310623605,4.685364243874488,0.0017279462546129273,-0.0,0.4869379878126866,0.8244299942570947
22.335504024193092,4.895223361505673,0.013367781517589631,-0.0,-0.0,-0.0
22.349789701837018,4.528251433207615,0.01810204356605568,-0.0,-0.0,-0.0
22.364059388486993,4.280671116338503,0.01814624014037174,-0.0,-0.0,-0.0
22.37831312887345,5.563582636482914,0.0017279462546129273,-0.0,0.4269374622104724,-0.0
22.39255096752692,5.739770376528489,-0.0,0.10744496971739667,0.14715605154740044,-0.0
22.40677294877922,4.922267361478648,0.0032837813768445035,0.10744496971739667,-0.0,-0.0
22.42097911676471,3.2480981029346214,0.0032837813768445035,0.10744496971739667,-0.0,-0.0
22.435169515421467,5.195080718234192,0.0017279462546129273,-0.0,-0.0,-0.0
22.4493441884925,2.15204055806575,0.0017279462546129273,-0.0,-0.0,-0.0
22.46350317952695,3.917519700430257,0.0017279462546129273,-0.0,0.5010084120043647,-0.0
22.477646531881227,3.7318222713342464,3.0593760501109486e-06,-0.0,0.424245917976963,-0.0
22.49177428872024,4.904360292636906,0.01509889468973843,-0.0,0.5025191653497805,-0.0
22.505886493018505,4.950421767341472,0.0017638314913814121,-0.0,0.45353294605889993,-0.0
22.519983187561344,3.630578403734063,0.00015536098201430546,-0.0,-0.0,-0.0
22.534064414945984,2.701779851943928,0.003286278459315948,-0.0,-0.0,-0.0
22.54813021758272,3.7469434370162786,0.008073716767558707,-0.0,-0.0,-0.0
22.56218063769604,5.05778904683698,0.0017279462546129273,-0.0,-0.0,-0.0
22.576215717325745,3.4099208194678536,0.011917448710791274,-0.0,-0.0,-0.0
22.590235498328035,3.3243513979816584,0.010270520961999884,0.10744496971739667,-0.0,-0.0
22.60424002237663,3.4381163863056,0.003343593713868034,0.10744496971739667,-0.0,-0.0
22.61822933096386,1.9703228462722564,0.01117662337267704,-0.0,-0.0,-0.0
22.63220346540175,3.6451532223291068,0.006460313742088711,0.10744496971739667,-0.0,-0.0
22.646162466823096,3.6048308404953797,0.0017279462546129273,-0.0,-0.0,-0.0
22.660106376182515,6.477539502308046,0.010638545250466853,-0.0,0.4798414396575657,-0.0
22.674035234257527,6.254734821079113,0.0017279462546129273,-0.0,0.35770654380743266,-0.0
22.68794908164961,4.47091346469484,0.018146772567360137,-0.0,-0.0,0.8363616004361273
22.701847958785212,5.047206418288953,0.01803064971751614,-0.0,0.503226274847807,0.8498662508845003
22.715731905916815,2.7510050818376066,0.001485723859361116,0.10744496971739667,-0.0,-0.0
22.729600963123964,2.371032161967359,0.01500767515219133,0.10744496971739667,-0.0,-0.0
22.743455170314263,3.6884097911891356,0.0032837813768445035,-0.0,-0.0,-0.0
22.757294567224406,3.800345186076571,0.0007751041047146194,0.10761265015068057,-0.0,-0.0
22.771119193421185,3.620923593324435,0.00497125144593332,-0.0,-0.0,-0.0
22.784929088302487,3.0363446481773844,0.013498324113636991,0.10744496971739667,-0.0,-0.0
22.798724291098253,3.1224148604516873,0.0013674907790356325,0.10744496971739667,-0.0,-0.0
22.812504840871515,5.128328115192721,-0.0,-0.0,-0.0,-0.0
22.82627077651932,5.141585322666838,0.010603545490763396,-0.0,-0.0,-0.0
22.84002213677373,3.9399123944200016,0.0017279462546129273,-0.0,-0.0,0.5379011887198794
22.85375896020277,5.604639218120536,0.0017279462546129273,-0.0,0.2209088773338008,0.7716466906481478
22.867481285211394,5.697492306668963,0.004685368282987698,-0.0,0.31577117380542347,0.8065951095455636
22.88118915004241,2.695977043744185,0.0017279462546129273,-0.0,-0.0,-0.0
22.894882592777442,6.301799950161826,0.009300588270066365,-0.0,0.5009509938942492,-0.0
22.908561651337845,4.450587437293402,3.0593760501109486e-06,-0.0,-0.0,-0.0
22.92222636348565,5.234348132739309,0.013382730071766522,-0.0,0.5017646037884843,-0.0
22.935876766824457,6.05041707397674,-0.0,-0.0,0.5038123316869159,0.8625527493973025
22.949512898800375,2.989414076476801,0.005948644994553842,-0.0,-0.0,-0.0
22.96313479670292,3.5863403573469035,0.0032837813768445035,0.10744496971739667,-0.0,-0.0
22.976742497665903,2.8833046040678836,0.0032837813768445035,0.10744496971739667,-0.0,-0.0
22.990336038668325,5.520743419183432,0.011985150014313554,-0.0,-0.0,0.8652195603115357
23.003915456535275,3.9042893133656698,0.004556037979403546,-0.0,-0.0,-0.0
23.017480787938805,4.142407618645976,0.0017279462546129273,-0.0,0.4933393144324401,-0.0
23.03103206939879,3.5510251068503917,0.003321192835345595,-0.0,-0.0,-0.0
23.044569337283818,1.7979284075195154,0.0070600730370412165,-0.0,-0.0,-0.0
23.05809262781203,5.071190817266669,0.0017279462546129273,-0.0,0.48770618416030886,-0.0
23.07160197705198,5.923228987449158,0.0017279462546129273,-0.0,0.5035568022015495,0.83664497626468
23.085097420923507,5.523854155684701,0.013469117078510158,-0.0,0.5032339934368179,0.8299434188733696
23.098578995198526,6.42254725036938,0.01385311949590038,-0.0,-0.0,0.8316292738659175
23.11204673550191,4.034989305444645,0.010638545250466853,-0.0,0.5015812912061073,-0.0
23.12550067731231,5.473237242905429,0.009515922323293086,-0.0,0.4990712410299475,0.8399755761308173
23.138940855962964,3.8144726252628276,0.015814610191731412,-0.0,-0.0,-0.0
23.15236730664253,4.431673557645003,4.5835580021974465e-05,-0.0,-0.0,-0.0
23.16578006439589,5.057478977209499,2.1404615078206534e-05,-0.0,0.4951666072310525,0.8286768052884266
23.179179164124953,5.023136628174265,2.1404615078206534e-05,-0.0,0.5012533043902855,-0.0
23.192564640589485,4.924751677289325,2.1404615078206534e-05,-0.0,-0.0,-0.0
23.205936528407857,4.726629422979525,3.0593760501109486e-06,-0.0,0.503117082706242,-0.0
23.219294862057872,5.024182778908808,0.0017279462546129273,-0.0,0.4822576459127513,-0.0
23.232639675877536,3.0102385118432533,0.017968830474847788,0.10744496971739667,-0.0,-0.0
23.24597100406583,3.057444323738786,0.005711432062581324,0.10744496971739667,-0.0,0.8613449101280615
23.2592888806835,6.415589564112179,3.0593760501109486e-06,-0.0,0.5021294293873444,0.8417236503581447
23.272593339653795,3.742886674571924,0.004583370046108869,0.10744496971739667,-0.0,-0.0
23.285884414763274,3.868305538459185,0.00026119759436552843,0.10744496971739667,-0.0,-0.0
23.299162139662513,4.988183062815622,3.0593760501109486e-06,-0.0,-0.0,-0.0
23.312426547866895,4.036804056974805,0.0017279462546129273,0.10744496971739667,0.4723619546192236,-0.0
23.32567767275732,3.530277096291487,0.0027608188411091523,0.10744496971739667,-0.0,-0.0
23.338915547580992,3.193773502570662,0.00742587627456342,0.10761265015068057,-0.0,-0.0
23.35214020545211,3.465841790320598,3.0593760501109486e-06,-0.0,-0.0,-0.0
23.365351679352628,3.49195384421806,0.0017251825416211407,-0.0,-0.0,-0.0
23.378550002132958,4.24027029725603,0.015699538728329913,-0.0,-0.0,-0.0
23.391735206512717,3.4694604009559313,0.0017279462546129273,-0.0,-0.0,-0.0
23.40490732508141,4.747340284164804,0.0032837813768445035,-0.0,-0.0,0.8221575150210871
23.41806639029917,4.996010236645836,0.0017279462546129273,-0.0,-0.0,-0.0
23.431212434497446,5.275892746254131,0.006255134061641266,-0.0,0.45301236426938996,-0.0
23.44434548987971,3.4395849535674943,0.008927436762982232,-0.0,-0.0,-0.0
23.457465588522144,4.50875737229886,0.001042250816850841,0.10744496971739667,-0.0,-0.0
23.47057276237434,3.267392607447895,0.015509806593287047,0.10744496971739667,-0.0,-0.0
23.483667043259995,6.188608764666077,3.0593760501109486e-06,-0.0,0.4642840851441798,-0.0
23.496748462877566,3.7612333458732694,-0.0,-0.0,-0.0,-0.0
23.50981705280097,6.24818489085593,0.008438393860766774,-0.0,0.5022794492278323,-0.0
23.52287284448024,2.9469166310744885,0.007087839377628725,-0.0,-0.0,-0.0
23.535915869242203,5.016587373784478,0.0057633961308782575,0.10744496971739667,0.49952737940569597,-0.0
23.548946158291145,5.525529221150954,-0.0,0.10744496971739667,0.49782919779595486,-0.0
23.561963742709466,3.8893188432950505,0.000754604749028589,-0.0,-0.0,-0.0
23.574968653458313,5.2101427893004715,0.005046145817122361,-0.0,0.4928356701245592,0.863156959540622
23.587960921378272,5.051950918136457,0.00426797549176604,0.10744496971739667,0.502778817942186,-0.0
23.60094057718997,4.983220699039676,0.0012113697654746144,0.10744496971739667,-0.0,-0.0
23.613907651494745,6.8673714914705855,3.0593760501109486e-06,-0.0,0.5027030897998793,0.8471590678958437
23.62686217477527,4.734332668807974,0.0017279462546129273,-0.0,-0.0,-0.0
23.639804177396183,2.7796107106823675,0.0017279462546129273,-0.0,-0.0,-0.0
23.652733689604723,3.622578975519003,0.004685368282987698,-0.0,-0.0,-0.0
23.665650741531348,2.0862012117905784,0.0017279462546129273,-0.0,-0.0,-0.0
23.67855536319035,4.983369971619159,-0.0,0.10744496971739667,0.5051246300973192,-0.0
23.691447584480475,4.69440848538566,0.0017279462546129273,-0.0,0.5036542806978582,-0.0
23.704327435185537,5.273383912571977,0.007087839377628725,-0.0,0.5027567007146212,0.8676701025054737
23.71719494497502,4.8440487588461,0.0017279462546129273,-0.0,-0.0,-0.0
23.730050143404682,3.8109508278782265,0.00904346003305268,-0.0,0.49398897599642727,-0.0
23.742893059917158,5.212597090355937,0.0017279462546129273,-0.0,0.499097931276774,0.6811561546303759
23.75572372384254,5.071247874920464,9.176553887966215e-06,-0.0,0.49635167507030314,0.852279986624763
23.76854216439898,5.9430996431025,9.176553887966215e-06,-0.0,0.5032247138082919,-0.0
23.781348410693287,3.865098587945532,9.176553887966215e-06,-0.0,-0.0,-0.0
23.794142491721477,4.20910033387133,3.0593760501109486e-06,0.10761265015068057,-0.0,-0.0
23.80692443636939,4.481501856559664,0.0007252772530485743,0.10744496971739667,-0.0,-0.0
23.819694273413237,3.660571317567487,0.01546239259839379,0.10744496971739667,-0.0,-0.0
23.832452031520184,5.461128523487077,0.009576054390367175,-0.0,0.4163707312871812,-0.0
23.84519773924892,5.932185185443439,0.007675882123846576,-0.0,0.5016240302275209,0.8141315908751798
23.85793142505021,5.19558146045221,0.016358314387283378,-0.0,-0.0,-0.0
23.87065311726747,5.418257889708825,0.0026093896764629414,-0.0,0.48819402181872223,0.8651739796066851
23.883362844137313,4.279234509315223,0.0035043588295415613,-0.0,-0.0,-0.0
23.896060633790107,4.1606193805275025,0.009392910639125679,-0.0,0.49306319539737054,-0.0
23.908746514250517,4.16160721791648,0.011479606135862538,-0.0,-0.0,-0.0
23.92142051343806,6.204119563888377,0.009647085149800365,-0.0,0.4989287932704967,-0.0
23.934082659167633,5.4793072728341485,0.0017279462546129273,-0.0,-0.0,-0.0
23.94673297915007,6.512365945635678,0.015103882908985707,-0.0,0.5037106071350256,-0.0
23.95937150099267,3.3057405198606156,0.0017279462546129273,-0.0,-0.0,0.8418087940735506
23.97199825219971,3.888482747063421,0.0051402453932116775,-0.0,-0.0,-0.0
23.984613260173,5.21999921171271,0.0066060422115116904,-0.0,0.49884768137641905,-0.0
23.997216552212386,4.501264849276947,0.0017279462546129273,-0.0,-0.0,-0.0
24.009808155516286,2.618029604679026,0.017980918594355334,-0.0,-0.0,-0.0
24.022388097182212,5.641986058351185,0.017919717427978057,-0.0,0.5044531142265145,-0.0
24.034956404207257,3.7081150571012347,3.0593760501109486e-06,-0.0,-0.0,-0.0
24.04751310348862,3.981431747385571,0.015522277788460015,-0.0,-0.0,-0.0
24.06005822182414,3.035845775205497,0.0024121810548191186,0.10744496971739667,0.4947165413895663,-0.0
24.072591785912753,3.7200436392244773,0.006511043700588193,-0.0,-0.0,-0.0
24.08511382235503,3.0630611117928983,0.006280980598018145,0.10744496971739667,-0.0,-0.0
24.097624357653654,2.590559710052994,0.014904131269790039,-0.0,-0.0,-0.0
24.11012341821393,4.775687584443543,0.00811565914130905,-0.0,-0.0,-0.0
24.12261103034426,4.659725025486631,0.004665031241965585,-0.0,0.5035138079452556,-0.0
24.13508722025665,4.532382425531323,0.005930247640947341,-0.0,0.500663730964286,-0.0
24.147552014067173,5.730634143584558,0.0017279462546129273,-0.0,0.47229338578389585,-0.0
24.160005437796478,4.651463192540889,0.0017279462546129273,-0.0,0.4821868398654098,-0.0
24.172447517370234,2.7800727022974296,0.004685368282987698,-0.0,-0.0,-0.0
24.18487827861965,5.299884108374632,3.0593760501109486e-06,-0.0,-0.0,-0.0
24.1972977472819,5.105238650061617,0.0017279462546129273,-0.0,0.5006550382655283,-0.0
24.209705949000632,5.603288082543593,9.176553887966215e-06,-0.0,-0.0,0.8544906690421755
24.22210290932642,5.186945116058019,9.176553887966215e-06,-0.0,0.46743780857722433,-0.0
24.234488653717218,5.327932738843598,9.176553887966215e-06,-0.0,-0.0,-0.0
24.246863207538837,5.550932557766089,0.011846905055450068,-0.0,0.5036674527556121,0.8210530345210117
24.2592265960654,6.678627184150258,0.01525163854132534,-0.0,0.5008325038974424,0.8134293871862073
24.271578844479787,6.446833026947674,0.0017279462546129273,-0.0,0.49790411275697655,0.8599864852261228
24.283919977874092,5.390482775715054,0.004685368282987698,-0.0,0.5040234674759306,-0.0
24.29625002125009,6.073993718032575,-0.0,0.10744496971739667,0.49655200403727423,0.7838685644073071
24.30856899951964,3.540046635845392,0.010446541919480407,-0.0,-0.0,-0.0
24.320876937505194,3.419923780020483,0.01800735609826671,-0.0,-0.0,-0.0
24.333173859940167,5.645018629120906,3.0593760501109486e-06,-0.0,0.503340814083686,-0.0
24.345459791469434,6.035568791169685,0.007472792539604071,-0.0,-0.0,0.7954169196262465
24.357734756649727,3.2476416790386047,0.015121772058181517,-0.0,-0.0,-0.0
24.369998779950087,2.557079976516271,0.005103125684885016,0.10744496971739667,-0.0,-0.0
24.382251885752282,2.870910672318429,0.0005482525441031815,-0.0,0.4829377202447398,-0.0
24.394494098351252,5.672956472487953,0.004014091311641468,-0.0,0.4922195827188964,-0.0
24.406725441955516,5.4940822385793835,3.0593760501109486e-06,-0.0,0.40961159833802296,-0.0
24.418945940687603,4.323618547682889,3.0593760501109486e-06,-0.0,-0.0,-0.0
24.431155618584473,3.6200620371281937,0.0031180265817989765,-0.0,-0.0,-0.0
24.44335449959792,5.350132000038077,0.0032737887776316224,-0.0,0.5042151616873158,-0.0
24.45554260759501,4.88027831020687,1.5291633319778097e-05,-0.0,0.475654694899782,-0.0
24.467719966358466,4.6402047647227365,0.004665031241965585,-0.0,0.41974184581066143,-0.0
24.479886599587108,5.949087936007294,3.0593760501109486e-06,-0.0,0.4191114107045415,-0.0
24.492042530896224,5.473897790612644,0.0032737887776316224,-0.0,-0.0,-0.0
24.504187783818004,5.040884794609176,0.002692764960585853,-0.0,-0.0,-0.0
24.51632238180193,5.537011061682881,0.015034308252769765,-0.0,0.5008573121690897,-0.0
24.528446348215173,5.492913466728776,0.0011599552701156343,-0.0,-0.0,-0.0
24.540559706342993,3.170351070553076,0.014457128172964188,-0.0,-0.0,-0.0
24.55266247938913,3.533930104262361,0.009779007062051993,-0.0,0.5011707869818712,-0.0
24.564754690476203,4.8132171395407015,0.0006074632219606003,-0.0,0.4897397174318904,-0.0
24.576836362646088,4.089298495942935,0.009389994879569343,-0.0,0.5000116720221542,-0.0
24.58890751886032,4.9839686609269975,0.0017279462546129273,-0.0,0.5012999381679987,-0.0
24.60096818200048,4.101686185611129,0.0017279462546129273,-0.0,-0.0,-0.0
24.61301837486854,4.16294145789464,0.0017279462546129273,-0.0,-0.0,-0.0
24.625058120187283,2.313540276275819,0.00675373461111249,-0.0,-0.0,-0.0
24.637087440600688,3.604194240151955,0.008586220741376762,-0.0,-0.0,-0.0
24.649106358674263,4.159890178740697,0.0017279462546129273,-0.0,0.49013215058984144,-0.0
24.661114896895445,4.311511799835742,0.0020182325504411558,-0.0,0.49446758701650206,-0.0
24.673113077673968,3.316450374007726,0.010900649466840986,-0.0,-0.0,-0.0
24.685100923342244,4.534246380508455,2.1404615078206534e-05,-0.0,0.4551704659140542,-0.0
24.6970784561557,3.065661015298046,4.5835580021974465e-05,-0.0,-0.0,-0.0
24.709045698293163,4.417191289634251,2.1404615078206534e-05,-0.0,-0.0,-0.0
24.721002671857228,7.01610754735427,0.0011026417656663358,-0.0,0.488876005914916,0.8039086289165082
24.732949398874588,5.059431042303248,0.0022739565619320666,0.10744496971739667,0.4932875222807642,-0.0
24.74488590129644,4.396689214118257,0.014469228349493105,0.10744496971739667,0.5046334721809738,-0.0
24.756812200998784,5.4096349099445185,-0.0,0.10744496971739667,-0.0,-0.0
24.768728319782827,4.0893421245826405,4.888709391429097e-05,0.10744496971739667,0.5028563038964441,-0.0
24.780634279375295,4.723961469417568,3.6677896958852754e-05,0.10744496971739667,-0.0,0.1407175817419371
24.792530101428817,6.188736624518933,2.1404615078206534e-05,-0.0,0.5034980286732057,-0.0
24.80441580752224,4.9681972473243246,2.1404615078206534e-05,-0.0,-0.0,-0.0
24.816291419161,5.173624039383452,2.7515499895651397e-05,-0.0,0.4978132723682114,-0.0
24.828156957777445,5.7088794835893895,-0.0,0.10744496971739667,0.484057311570129,-0.0
24.840012444731194,4.257952010894543,4.888709391429097e-05,0.10744496971739667,0.4994250768301995,-0.0
24.85185790130947,4.802935382763264,3.0593760501109486e-06,-0.0,-0.0,0.7031175149872376
24.863693348727413,6.300747647593746,1.5291633319778097e-05,-0.0,0.4728455878350393,0.8603185191728623
24.875518808128454,4.287180708377956,2.7515499895651397e-05,-0.0,0.49055024734591995,-0.0
24.88733430058464,4.973856185060609,1.5291633319778097e-05,-0.0,0.5051236306418802,0.8780143588313133
24.899139847096937,4.151830316405632,0.0017279462546129273,-0.0,0.25704473288146384,-0.0
24.91093546859558,2.0181259745798528,0.012017705294753213,-0.0,-0.0,-0.0
24.922721185940407,5.241266750494384,0.0017279462546129273,-0.0,0.49732275943807047,-0.0
24.934497019921167,5.190408774578477,1.223435585894054e-05,-0.0,-0.0,-0.0
24.946262991257864,2.6975765480864915,0.0023989436192137074,-0.0,-0.0,-0.0
24.958019120601055,3.8762131772874597,0.0017279462546129273,-0.0,0.48685505243241783,-0.0
24.969765428532174,3.0629380901519507,0.01303840228797671,-0.0,-0.0,-0.0
24.981501935563873,3.179599238615703,0.013799058034646873,-0.0,-0.0,-0.0
24.993228662140318,5.487182051272052,0.0017279462546129273,-0.0,0.5051283539201938,0.8776491081398301
25.004945628637493,4.233193471102082,0.005742637059011501,0.10744496971739667,0.49029343234361117,-0.0
25.016652855363546,3.1325147557522004,0.00468311015366434,0.10744496971739667,-0.0,-0.0
25.028350362559056,3.9391350624668475,0.00016748877562185592,-0.0,-0.0,-0.0
25.04003817039738,4.859311710069444,-0.0,0.10744496971739667,0.4808179481007557,-0.0
25.051716298984946,4.250454838230499,0.0034600179043953105,-0.0,0.476101657612975,-0.0
25.063384768361548,3.8507588206268957,0.0030064797811962083,-0.0,-0.0,-0.0
25.075043598500656,4.20702338448883,6.118227315705839e-06,-0.0,0.4933953379292262,-0.0
25.08669280930973,4.699094820698454,6.118227315705839e-06,-0.0,0.48608928912561244,-0.0
25.0983324206305,6.097041920386523,0.0017279462546129273,-0.0,0.4999074437055245,-0.0
25.10996245223927,5.6657105293527685,0.004685368282987698,-0.0,0.5024274465227956,-0.0
25.12158292384723,4.335226467450549,0.000554182752525111,0.10744496971739667,-0.0,-0.0
25.13319385510072,4.142078020906886,0.0012085175626202862,-0.0,-0.0,-0.0
25.144795265581553,4.842016141698164,0.0017279462546129273,-0.0,0.4842796271796045,-0.0
25.156387174807296,6.409777865309868,3.0593760501109486e-06,-0.0,0.483814918109695,-0.0
25.167969602231544,5.3471309315437185,0.0017279462546129273,-0.0,-0.0,-0.0
25.179542567244233,4.252621373051159,0.0017279462546129273,-0.0,0.5039752715644519,-0.0
25.191106089171903,3.2017025676002775,0.0007516742611841784,-0.0,-0.0,-0.0
25.20266018727801,2.458163513611591,0.0017279462546129273,-0.0,-0.0,-0.0
25.214204880763184,4.5223722105135895,0.0005660370706484822,-0.0,0.5015134862155077,-0.0
25.225740188765506,5.407135015118559,3.057015618019951e-05,-0.0,0.49597816643943765,-0.0
25.23726613036083,4.5581100800199295,6.108791627565009e-05,-0.0,-0.0,-0.0
25.248782724563004,4.374162196120226,7.328036989009706e-05,-0.0,-0.0,-0.0
25.260289990324193,5.802638850396353,3.057015618019951e-05,-0.0,0.5051275509446276,0.8776044398243228
25.271787946535127,4.343301640504217,8.24192216253413e-05,-0.0,-0.0,-0.0
25.28327661202539,6.508476530841968,3.0593760501109486e-06,-0.0,0.4795455029781756,0.8582075647474328
25.29475600556367,3.5077101714792236,0.01655382377364607,-0.0,-0.0,-0.0
25.306226145858066,4.751665564605687,0.0001401895342954625,-0.0,0.49558759068257074,-0.0
25.317687051556323,3.7516513354976477,0.016644309469195394,-0.0,0.47120043105342146,0.818657435861305
25.32913874124611,4.892956019174715,0.0005423203018282659,-0.0,0.49827036786308293,-0.0
25.340581233455286,4.401593774683957,0.017234582079569176,-0.0,0.47976355732878423,-0.0
25.352014546652175,3.414790914916411,0.01793634070709404,-0.0,-0.0,-0.0
25.363438699245823,6.096863195344086,3.0593760501109486e-06,-0.0,0.5051237669260287,0.8638757947874999
25.374853709586237,5.534721711026252,1.5291633319778097e-05,-0.0,-0.0,0.8587703803267659
25.38625959596468,4.341068538094097,2.446031955867662e-05,0.10744496971739667,-0.0,-0.0
25.39765637661391,5.221591862986535,-0.0,0.10744496971739667,-0.0,-0.0
25.40904406970843,4.780053507983049,0.006536324633364729,0.10744496971739667,0.4976973783214082,-0.0
25.42042269336477,3.628687536923733,0.0002491341117717703,0.10744496971739667,-0.0,-0.0
25.43179226564171,4.424305342934383,0.003052214012997971,-0.0,0.4789736117236086,-0.0
25.443152804540567,3.9609787054869248,0.017983197267591317,-0.0,0.49716707386005704,-0.0
25.454504328005406,6.761740604304545,3.0593760501109486e-06,-0.0,0.4932153854539166,-0.0
25.46584685392333,6.202036987203483,2.7515499895651397e-05,-0.0,0.48967788505820015,-0.0
25.47718040012469,4.400947091144306,2.7515499895651397e-05,-0.0,-0.0,-0.0
25.48850498438336,3.069855306506173,6.413681402111942e-05,-0.0,-0.0,-0.0
25.49982062441699,5.104035093699981,3.057015618019951e-05,0.10744496971739667,0.4798524182991492,-0.0
25.51112733788721,3.141292427133173,0.0017279462546129273,-0.0,-0.0,-0.0
25.522425142399914,5.191663824006714,0.0017279462546129273,-0.0,0.5043135695783921,-0.0
25.533714055505474,4.389751256988278,0.0004553284248731832,0.10744496971739667,0.49449224957438365,-0.0
25.544994094699007,4.31095119325403,0.00029207252109455704,0.10744496971739667,-0.0,-0.0
25.556265277420586,3.444313174473947,0.0017279462546129273,-0.0,0.4724716752978477,-0.0
25.5675276210555,4.6362893017387465,0.0017279462546129273,-0.0,0.4853233061081399,-0.0
25.578781142934478,2.2290475679717052,0.0022759589391067527,0.10744496971739667,-0.0,-0.0
25.59002586033392,5.055872086220014,0.0017279462546129273,-0.0,-0.0,-0.0
25.60126179047615,4.975060792745579,0.010638545250466853,-0.0,0.5038073049387686,-0.0
25.612488950529638,4.605500887396278,3.057015618019951e-05,-0.0,0.5002162480018655,-0.0
25.62370735760922,5.192871666997959,5.4988551553795084e-05,-0.0,0.5028633767917808,-0.0
25.634917028776343,4.494263803610359,2.446031955867662e-05,-0.0,-0.0,-0.0
25.6461179810393,6.672208868567209,1.5291633319778097e-05,-0.0,0.47884034349497256,-0.0
25.657310231353417,5.7465216374734815,1.5291633319778097e-05,-0.0,0.4808043092813543,-0.0
25.66849379662134,4.222086170498141,6.413681402111942e-05,0.10744496971739667,0.4116883087801675,-0.0
25.679668693693223,2.9078535588531382,7.328036989009706e-05,-0.0,-0.0,-0.0
25.690834939366948,5.202162021497506,-0.0,-0.0,-0.0,-0.0
25.70199255038836,5.447959509115668,3.0593760501109486e-06,-0.0,0.3045099567616783,-0.0
25.7131415434515,3.00476789087201,0.016473409396021925,-0.0,-0.0,-0.0
25.724281935198782,5.7852155248389145,0.0017279462546129273,-0.0,0.23183668047527523,-0.0
25.73541374222128,5.617653343459833,-0.0,-0.0,0.26479504510920426,-0.0
25.746536981058867,4.2469630859353265,0.0032837813768445035,-0.0,0.4933619484770932,-0.0
25.75765166820051,3.631990746309296,0.015756020290282672,-0.0,-0.0,-0.0
25.76875782008442,4.444059157208097,0.0044668212114542276,-0.0,0.4973521526529626,-0.0
25.779855453098307,2.8392861970270107,0.0017279462546129273,-0.0,0.5032009717132954,-0.0
25.790944583579577,4.157837827957335,0.0032837813768445035,0.10744496971739667,-0.0,-0.0
25.802025227815545,5.383349818255779,-0.0,0.10744496971739667,0.49246490953778554,-0.0
25.813097402043653,6.367595918714868,3.057015618019951e-05,-0.0,0.4779712029911823,-0.0
25.824161122451674,2.74728708069429,0.003360992812148601,-0.0,-0.0,-0.0
25.835216405177917,3.592051556933312,0.004537785481996206,-0.0,-0.0,-0.0
25.846263266311443,4.629616699383127,-0.0,0.10744496971739667,-0.0,-0.0
25.85730172189227,3.8654811859865323,0.0012298971773271798,0.10744496971739667,0.5016020234970715,-0.0
25.86833178791157,3.724673160451327,0.0037107016642426915,0.10744496971739667,-0.0,-0.0
25.879353480311885,3.536128173916125,0.014448634019018546,-0.0,-0.0,-0.0
25.890366814987317,1.7034140113092624,0.0019318355650347274,0.10744496971739667,-0.0,-0.0
25.901371807783754,3.111754416201342,0.014952666590139035,-0.0,-0.0,-0.0
25.912368474499033,6.0625651025243945,0.009881394809875937,-0.0,0.5000084991670052,-0.0
25.92335683088318,4.3503919398837825,0.015550013811044882,-0.0,-0.0,-0.0
25.93433689263858,2.911319677618252,0.015448309510242422,-0.0,-0.0,-0.0
25.945308675420186,2.703064325598947,0.0008975850615968668,-0.0,-0.0,-0.0
25.956272194835723,4.4591478688963795,0.0017279462546129273,-0.0,0.5005159870662085,0.4417799303309921
25.967227466445866,1.7852144672080705,0.0022057225911120168,0.10744496971739667,-0.0,-0.0
25.978174505764454,3.9399267780321225,0.0017279462546129273,-0.0,0.49311958340616335,-0.0
25.989113328258668,5.377475768308623,9.176553887966215e-06,-0.0,-0.0,0.7770889599249118
26.000043949349234,5.203880977270835,9.176553887966215e-06,-0.0,-0.0,-0.0
26.010966384410604,4.812097145545458,9.176553887966215e-06,-0.0,0.505129950299806,-0.0
26.021880648771166,4.780479302829891,0.007087839377628725,0.10744496971739667,0.49110717752920485,-0.0
26.03278675771341,4.028286936255098,0.005948644994553842,-0.0,-0.0,-0.0
26.043684726474133,4.393568339063234,0.0032837813768445035,-0.0,0.501133138354301,-0.0
26.054574570244622,2.8557422468097093,0.0036414394244505036,-0.0,-0.0,-0.0
26.065456304170844,2.975249098508995,0.0007047180726105052,-0.0,-0.0,-0.0
26.076329943353617,3.3674173967474545,4.888709391429097e-05,-0.0,0.4791606365710146,-0.0
26.087195502848807,3.7992599641127653,2.7515499895651397e-05,-0.0,-0.0,-0.0
26.09805299766753,4.282531792269159,0.0017279462546129273,-0.0,0.4947748362141176,-0.0
26.108902442776287,4.773827449064523,0.0017279462546129273,-0.0,0.4799922252153513,-0.0
26.119743853097205,3.533056945597822,0.004685368282987698,-0.0,-0.0,-0.0
26.13057724350816,3.6127387594112603,0.00811565914130905,-0.0,-0.0,-0.0
26.141402628843007,6.064633842927621,-0.0,-0.0,-0.0,-0.0
26.152220023891715,5.7078972147297184,3.0593760501109486e-06,-0.0,0.4980154038192752,-0.0
26.163029443400585,4.3410236531671345,0.0017279462546129273,-0.0,0.4920121306380788,-0.0
26.173830902072403,3.649208486097031,0.009881394809875937,-0.0,0.4523231554286628,-0.0
26.184624414566613,5.038311398489376,3.057015618019951e-05,-0.0,0.49121087450449713,-0.0
26.19540999549952,5.9941921746523965,1.5291633319778097e-05,-0.0,0.49796028894204014,-0.0
26.20618765944443,4.24385824289965,2.446031955867662e-05,0.10744496971739667,-0.0,-0.0
26.216957420931855,4.841135873527928,0.0071762173333620735,-0.0,-0.0,-0.0
26.227719294449656,4.376383991728125,0.0017279462546129273,-0.0,-0.0,-0.0
26.23847329444324,3.6140380959703613,0.013734143264068426,-0.0,0.4760044639614266,-0.0
26.24921943531571,5.030304398540725,0.004705674118574391,-0.0,-0.0,-0.0
26.259957731428056,2.9398617788820856,0.0032812838675146624,-0.0,-0.0,-0.0
26.270688197099318,4.358302128014545,0.0017279462546129273,-0.0,0.4969393412707057,0.8420831907748326
26.281410846606736,4.288974107742704,0.0032837813768445035,-0.0,0.4965956080457531,-0.0
26.292125694185938,4.534179927910909,0.0017279462546129273,-0.0,0.497766538844461,-0.0
26.3028327540311,5.340475368436489,3.057015618019951e-05,-0.0,-0.0,-0.0
26.31353204029512,3.460240618005849,3.057015618019951e-05,-0.0,-0.0,-0.0
26.324223567089764,4.40236820040705,0.0017279462546129273,-0.0,0.485880811679914,-0.0
26.33490734848585,4.437860498168481,0.0017279462546129273,-0.0,-0.0,-0.0
26.34558339851339,4.905935066235952,3.0593760501109486e-06,-0.0,-0.0,-0.0
26.35625173116178,4.705964712444355,0.0017279462546129273,-0.0,0.49573220169962856,0.6749699615445995
26.36691236037994,5.389001642627149,1.5291633319778097e-05,-0.0,-0.0,-0.0
26.377565300076483,5.13540581618846,3.0593760501109486e-06,-0.0,-0.0,-0.0
26.388210564119873,3.7359483437942163,0.0017279462546129273,-0.0,0.5025468300378887,-0.0
26.39884816633858,3.404225593206363,0.0017251825416211407,-0.0,-0.0,-0.0
26.409478120521253,3.3799019168491684,3.0593760501109486e-06,-0.0,0.5031199703572634,0.8625115461059845
26.420100440416853,4.921292279695882,-0.0,-0.0,-0.0,-0.0
26.43071513973485,5.215189851263896,3.0593760501109486e-06,-0.0,-0.0,-0.0
26.44132223214532,3.4583408327763827,0.0017251825416211407,-0.0,-0.0,-0.0
26.451921731279164,4.419875625201976,3.0593760501109486e-06,-0.0,-0.0,-0.0
26.462513650728216,6.377302673566915,-0.0,-0.0,-0.0,-0.0
26.47309800404541,4.388072286268047,0.0017279462546129273,-0.0,0.4998632789980505,-0.0
