node_id,building_density,mean_centroid_distance,poi_density,degree,closeness,betweenness,straightness,information,avg_neighbor_deg,clustering,local_efficiency
0.0,-0.0,-0.0,9.251417711353455e-05,1.9684064693905472,0.0006723751574891988,0.0001520197596381465,0.011996058173307334,0.0003872138517667377,5.372739346809177,-0.0,-0.0
0.7815235273590642,-0.0,-0.0,0.00015457321930693928,3.9018155708377016,0.000705376636801878,0.008864516542499132,0.011298874896822667,0.00039590876016869193,2.288645460668619,-0.0,-0.0
1.3316028762974756,0.06575430092717051,1.6980944315292643,-0.0,2.9381182100445034,0.0006727418553525252,0.0002226191975667509,0.011977457128038882,0.0004027471906207401,3.8216973168519974,-0.0,-0.0
1.770465627329318,0.01925412401084194,1.7094853119367426,-0.0,0.9905463345437587,0.0006255502733462295,-0.0,0.011073239883459698,0.0003474654035477354,6.367991967873497,-0.0,-0.0
2.14165969656978,-0.0,-0.0,-0.0,2.9381182100445034,0.000693115878218641,0.002150509660013768,0.012530385051279732,0.00040262398302034656,4.425245391735259,-0.0,-0.0
2.4665376039820295,-0.0,-0.0,0.00020635063663419531,1.9684064693905472,0.0007073754468025156,0.001323104656934237,0.012981929773781493,0.00039085987222773846,4.425245391735259,-0.0,-0.0
2.757354829044289,-0.0,-0.0,0.0001836633163760345,2.9381182100445034,0.000725483017531617,0.003114372897909629,0.011919331893562703,0.0004059228054186741,3.8216973168519974,-0.0,-0.0
3.0218757805187804,0.011320229564975715,-0.0,-0.0,3.9018155708377016,0.0007960967604491337,0.012350002277573874,0.011679810345146813,0.000417509691145983,3.9704008786689515,-0.0,-0.0
3.2653672415259827,-0.0,-0.0,8.181071765609342e-05,1.9684064693905472,0.0007507112877004618,0.005031176420761163,0.010988295657521392,0.00040448121980423546,4.425245391735259,-0.0,-0.0
3.4915858141650373,-0.0,-0.0,-0.0,2.9381182100445034,0.0007313416195990351,0.008559817493499282,0.011738902529081182,0.00041419709536262296,5.051452865541539,-0.0,-0.0
3.703316307139846,0.09070837722832156,1.6137221022739459,-0.0,2.9381182100445034,0.0008276460872416731,0.01627731264969541,0.010696426062073347,0.00043740501206634036,4.425245391735259,-0.0,-0.0
3.902687244567145,-0.0,-0.0,-0.0,3.9018155708377016,0.0007541090426873534,0.012011178696906535,0.012294597229066326,0.0004109984265189001,3.9704008786689515,-0.0,-0.0
4.091366492634446,-0.0,-0.0,-0.0,2.9381182100445034,0.0006745241062581398,0.0034805012669736077,0.015817417380052105,0.0003735637077835519,3.241938500531646,-0.0,-0.0
4.270688190402339,-0.0,-0.0,-0.0,0.9905463345437587,0.0006562094064023302,-0.0,0.016894312707886487,0.0003298288717923831,4.425245391735259,-0.0,-0.0
4.4417382457764685,0.06396872062374108,1.5915922114415466,0.00012327077046112557,1.9684064693905472,0.0007767952753367451,-0.0,0.01118401037397716,0.00041815462861156776,4.425245391735259,-0.0,-0.0
4.60541375665791,0.05022471630813991,1.578128400113796,0.00010368710972226061,2.9381182100445034,0.0008561398217343132,0.019781424906141203,0.010838853650699323,0.0004547700908456333,4.425245391735259,-0.0,-0.0
4.762465426545679,-0.0,-0.0,-0.0,2.9381182100445034,0.0007366018736216371,0.0028308495351434273,0.01180013297444709,0.00041744649137366867,3.8216973168519974,-0.0,-0.0
4.913528545712308,-0.0,-0.0,5.595937274162125e-05,2.9381182100445034,0.0007063209935929995,0.00748994309007368,0.015136191856245759,0.0003835809842991618,4.425245391735259,-0.0,-0.0
5.059146078324945,-0.0,-0.0,-0.0,2.9381182100445034,0.0007353445806796504,0.01209441153417814,0.015855890487685844,0.0003923431336634806,5.051452865541539,-0.0,-0.0
5.199786172573432,-0.0,-0.0,0.00020132497158886816,1.9684064693905472,0.0007224729483969432,0.001149880223161754,0.012803108871201428,0.00040240830158507553,5.372739346809177,-0.0,-0.0
5.33585564985894,-0.0,-0.0,0.00016788731974329223,3.9018155708377016,0.0007803076858984442,0.01705851373693134,0.012387367917077704,0.00041965559849928643,4.425245391735259,0.001124923052208715,-0.0
5.46771054211585,-0.0,-0.0,8.934997168244912e-05,3.9018155708377016,0.0008018913560040705,0.018904119503678388,0.011415021174707789,0.00042967442847566874,3.9704008786689515,-0.0,-0.0
5.595664426816453,-0.0,-0.0,-0.0,1.9684064693905472,0.0006541466168183072,-0.0,0.015251231260148811,0.0003731200432029544,5.372739346809177,-0.0,-0.0
5.719995094826192,-0.0,-0.0,-0.0,3.9018155708377016,0.0007647723057088202,0.016818473570921366,0.014924583640717066,0.0004049875234030816,5.372739346809177,-0.0,-0.0
5.840949939526724,0.026623488801749313,1.7209740247668757,-0.0,0.9905463345437587,0.0006685264466196857,-0.0,0.011967736170236958,0.0003474654035477354,6.367991967873497,-0.0,-0.0
5.9587503533339214,-0.0,-0.0,0.0001368614856686946,2.9381182100445034,0.0007431148231736126,0.014747319381687735,0.010571040791727155,0.000431249569086375,5.699328112522137,-0.0,-0.0
6.073595345256987,-0.0,-0.0,6.43324999126979e-05,0.9905463345437587,0.0006920589768558359,-0.0,0.012551125682672087,0.0003593078883148285,6.367991967873497,-0.0,-0.0
6.185664541010494,0.14787836802203505,1.637978387423705,0.00023828149403904775,0.9905463345437587,0.0007535002657314843,-0.0,0.012484124121645507,0.00036440416185900415,6.367991967873497,-0.0,-0.0
6.295120689173677,-0.0,-0.0,9.71391098368428e-05,2.9381182100445034,0.000748052011046643,0.013385054742223896,0.014119925626935793,0.0004002449383382306,4.425245391735259,-0.0,-0.0
6.402111768816088,-0.0,-0.0,-0.0,2.9381182100445034,0.0007290659576366297,0.0043833192258525165,0.01334535721372806,0.0004015118449908492,4.425245391735259,-0.0,-0.0
6.506772773033005,-0.0,-0.0,0.00017984938662524367,2.9381182100445034,0.0007571412638414926,0.013840859050203162,0.013382044960549337,0.00040495810807223196,5.051452865541539,0.0011249230632950711,-0.0
6.609227226992729,-0.0,-0.0,-0.0,2.9381182100445034,0.0007406716377016579,0.012921046790399349,0.014760682828514438,0.0003968655275019153,3.8216973168519974,-0.0,-0.0
6.709588487014078,-0.0,-0.0,-0.0,2.9381182100445034,0.0007247016262972165,0.003916104942024003,0.0139384745447965,0.00040216468741662275,4.425245391735259,-0.0,-0.0
6.807960857888641,-0.0,-0.0,0.00011971541260007535,1.9684064693905472,0.0007331823799165488,0.012627712539195882,0.015760587885891922,0.00038461858417466126,4.425245391735259,-0.0,-0.0
6.904440558436462,-0.0,-0.0,-0.0,2.9381182100445034,0.0007384030124715654,0.005252613102635105,0.012727402598371613,0.0004052413517344414,5.051452865541539,0.0011249230632950711,-0.0
6.999116559626158,-0.0,-0.0,-0.0,0.9905463345437587,0.0007102407540640462,-0.0,0.01133122015422475,0.00037390718476449004,6.367991967873497,-0.0,-0.0
7.092071315126651,-0.0,-0.0,8.411321600267416e-05,3.9018155708377016,0.000798139742919139,0.019084180156399944,0.01003920604570773,0.0004714197476278747,4.892833002497415,-0.0,-0.0
7.183381400610613,0.031895760543550915,-0.0,0.00016100426718785416,2.9381182100445034,0.0009923336003416219,0.02089897521717116,0.011268265180235312,0.00048463356390298246,5.699328112522137,-0.0,-0.0
7.273118075292115,-0.0,-0.0,0.00017336367715547693,2.9381182100445034,0.0007326050009613868,0.012529678530800718,0.01630995577094072,0.00039747486876272277,3.8216973168519974,-0.0,-0.0
7.361347776896316,-0.0,-0.0,-0.0,2.9381182100445034,0.0007248750921354234,0.003949859384058154,0.014472748707790594,0.00040613678458441754,4.425245391735259,-0.0,-0.0
7.448132559408715,-0.0,-0.0,-0.0,2.9381182100445034,0.0007312599927373571,0.012435480626052861,0.017330728415084148,0.00039414045553585504,4.425245391735259,0.001124923063294871,-0.0
7.533530481444326,-0.0,-0.0,0.0001614155131943576,2.9381182100445034,0.0010265379181205083,0.020249656800068856,0.011462224220269301,0.0005027482172816388,5.051452865541539,-0.0,-0.0
7.617595951842796,-0.0,-0.0,-0.0,2.9381182100445034,0.0007320525443238652,0.012557779234243845,0.01738941926390555,0.0003935122517325187,4.425245391735259,0.001124923063294871,-0.0
7.700380038079609,-0.0,-0.0,-0.0,2.9381182100445034,0.0007421520299649971,0.00102391740680451,0.015975587820639285,0.000396745446256308,4.425245391735259,0.001124923063294871,-0.0
7.7819307422432225,-0.0,-0.0,9.29877445526556e-05,3.9018155708377016,0.0008140103616665509,0.021688851251014447,0.01433447983920832,0.0004327494872189085,4.892833002497415,-0.0,-0.0
7.862293248629735,-0.0,-0.0,-0.0,3.9018155708377016,0.0006974198492950891,0.006423153243350863,0.014884424453591512,0.00039223838259865533,3.9704008786689515,-0.0,-0.0
7.941510146424033,-0.0,-0.0,-0.0,2.9381182100445034,0.0007508670706910835,0.01066418482247094,0.01463367918205205,0.0003959959746025686,5.051452865541539,-0.0,-0.0
8.019621630447938,-0.0,-0.0,-0.0,1.9684064693905472,0.0006878011434757508,0.0034891365798679964,0.016254937314830867,0.00036162214516045297,4.425245391735259,-0.0,-0.0
8.096665682545046,-0.0,-0.0,-0.0,1.9684064693905472,0.0006657495529130899,3.0484390239079774e-05,0.01563778222887344,0.0003528889144644942,2.68727185080434,-0.0,-0.0
8.172678235824787,-0.0,-0.0,2.9969490329085444e-05,1.9684064693905472,0.0007044731023294686,-0.0,0.015136283251412381,0.00036323377425739515,3.528767361861692,-0.0,-0.0
8.247693323694083,0.010334804773029284,1.7193555854497615,3.5077298024613854e-05,2.9381182100445034,0.0006524580499620286,0.01058696995198316,0.009018286917822612,0.0004464333609964033,4.425245391735259,-0.0,-0.0
8.321743215354612,-0.0,-0.0,9.100862720028268e-05,2.9381182100445034,0.0006672106483371493,0.004050767989957871,0.010144812810929302,0.0004608955130285862,6.367991967873497,-0.0,-0.0
8.394858539230109,0.06637162961371347,1.7892170824855467,3.294864516854091e-05,1.9684064693905472,0.0006370515328675956,0.006423153243350863,0.009945959054867805,0.0003875362592835776,3.528767361861692,-0.0,-0.0
8.467068395605112,-0.0,-0.0,-0.0,0.9905463345437587,0.0005508783405511175,-0.0,0.010531686311187928,0.00030393765237823455,2.68727185080434,-0.0,-0.0
8.538400459599501,0.13847781100914752,1.7159976219977628,-0.0,1.9684064693905472,0.0005916386577392706,0.0034805012669736077,0.010266827989162928,0.0003410956844216508,1.905731201280349,-0.0,-0.0
8.6088810754677,-0.0,-0.0,-0.0,2.9381182100445034,0.0007487303976492032,0.007400230286528951,0.014464906621706523,0.00041380992230840734,5.051452865541539,-0.0,-0.0
8.678535343094577,-0.0,-0.0,7.527851258951447e-05,2.9381182100445034,0.0008998550813823881,0.022016836143056315,0.014439407827101432,0.00046321608002416494,5.051452865541539,-0.0,-0.0
8.7473871974586,-0.0,-0.0,4.163929029390734e-05,3.9018155708377016,0.000837800712510797,0.016432415949603412,0.011841777131851909,0.00046338712354763534,3.9704008786689515,-0.0,-0.0
8.815459481744934,-0.0,-0.0,0.0001928713300576063,4.860746996186196,0.0007390948074797583,0.009205904261557877,0.012248337462761195,0.0004669275947809153,3.70380347040838,0.0011246716081832779,-0.0
8.882774014714377,-0.0,-0.0,0.00017209758453291812,1.9684064693905472,0.0007546736594097539,0.0034805012669736077,0.012002236058035454,0.0004004716006877613,3.528767361861692,-0.0,-0.0
8.949351652867254,-0.0,-0.0,-0.0,1.9684064693905472,0.0009222886240785001,0.01708312770942046,0.014871775550965215,0.00045404783717406945,6.367991967873497,-0.0,-0.0
9.015212347882715,-0.0,-0.0,0.0002591351958428666,3.9018155708377016,0.001209838820980683,0.023436614413898823,0.012135867655552916,0.0005285350829900361,4.892833002497415,-0.0,-0.0
9.080375199762587,-0.0,-0.0,0.00026275047401713394,3.9018155708377016,0.001115941642451917,0.01828782254937501,0.017308280947138883,0.0005038542127427063,5.372739346809177,-0.0,-0.0
9.144858506063802,-0.0,-0.0,9.301710185435384e-05,2.9381182100445034,0.0009213515225605771,0.01294813278128626,0.013202212284115836,0.00048618226429344557,5.051452865541539,-0.0,-0.0
9.208679807563609,-0.0,-0.0,-0.0,2.9381182100445034,0.0009169318573924858,0.013028970329920474,0.012551521788255972,0.0004786443271312657,4.425245391735259,-0.0,-0.0
9.271855930666698,-0.0,-0.0,-0.0,2.9381182100445034,0.0009039056895569562,0.0026155758099711494,0.01163814387783683,0.0004786658957333528,3.8216973168519974,-0.0,-0.0
9.334403026832344,-0.0,-0.0,9.740637147541809e-05,1.9684064693905472,0.0008881600824516719,-0.0,0.013077963905939594,0.00045369860155714307,4.425245391735259,-0.0,-0.0
9.396336609272097,-0.0,-0.0,5.162408362452983e-05,2.9381182100445034,0.001016195999931102,0.0037634746098866613,0.012229717873106604,0.0004979324780099573,4.425245391735259,-0.0,-0.0
9.45767158714423,-0.0,-0.0,0.0002183707474399809,3.9018155708377016,0.001222753828013415,0.023558856333744924,0.012497603643349732,0.000533790618006843,4.892833002497415,-0.0,-0.0
9.518422297449247,-0.0,-0.0,-0.0,2.9381182100445034,0.0009548204636262146,0.01398407202287469,0.01501148455218377,0.0004711887454780624,3.8216973168519974,-0.0,-0.0
9.578602534811639,-0.0,-0.0,0.00022320588411746915,2.9381182100445034,0.0009532295105649326,0.02111450045552463,0.01726819528477466,0.00043720430250135595,2.68727185080434,-0.0,-0.0
9.638225579315524,-0.0,-0.0,0.0002910830513642634,2.9381182100445034,0.0012150971768759716,0.021814482326171978,0.015106834890560045,0.000501920714097074,4.425245391735259,-0.0,-0.0
9.69730422254658,-0.0,-0.0,0.00017965049279042061,0.9905463345437587,0.0009065122648365707,-0.0,0.016367838825813264,0.0003953627942956685,4.425245391735259,-0.0,-0.0
9.755850791978691,-0.0,-0.0,0.00019934338160309837,2.9381182100445034,0.0010327200960327844,0.011570383725112699,0.016701217899455813,0.00045721073509793786,3.241938500531646,-0.0,-0.0
9.813877173831445,-0.0,-0.0,-0.0,2.9381182100445034,0.0010089961890634171,0.015076775917940346,0.016954975385063176,0.0004764067098125691,5.051452865541539,-0.0,-0.0
9.871394834513302,-0.0,-0.0,0.00011972025628125452,0.9905463345437587,0.0006811926428089727,-0.0,0.01203990113294151,0.0003510514916797455,2.68727185080434,-0.0,-0.0
9.928414840755433,-0.0,-0.0,2.7423122937135588e-05,1.9684064693905472,0.0006129737653920722,-0.0,0.011076517955201962,0.0004226143784962656,5.372739346809177,0.0011249230632950713,-0.0
9.984947878532026,0.013772807591157324,1.7879886526553725,1.3586562360628244e-05,1.9684064693905472,0.0006131408470044233,-0.0,0.011080045575152207,0.0004226143784962656,5.372739346809177,0.0011249230632950713,-0.0
10.041004270854737,-0.0,-0.0,0.00017669346689303304,3.9018155708377016,0.0009695848045775166,0.02127944221505105,0.013965084365300372,0.0004805018858866663,3.9704008786689515,-0.0,-0.0
10.09659399452172,-0.0,-0.0,-0.0,0.0,0.0,-0.0,0.0,-0.0,0.0,-0.0,-0.0
10.151726695894814,-0.0,-0.0,5.84881038272306e-05,0.0,0.0,-0.0,0.0,-0.0,0.0,-0.0,-0.0
10.206411705772583,-0.0,-0.0,-0.0,0.9905463345437587,0.0008967208792892754,-0.0,0.018195172408523082,0.0003797799563018777,4.425245391735259,-0.0,-0.0
10.26065805342138,-0.0,-0.0,0.00015790718054660153,1.9684064693905472,0.0009873325921469212,0.021349858301233936,0.019043511796681,0.0004329154152030777,3.528767361861692,-0.0,-0.0
10.3144744798216,-0.0,-0.0,-0.0,2.9381182100445034,0.000737436045903309,0.009248769770342006,0.013133319342374886,0.0004658042628348113,5.051452865541539,-0.0,-0.0
10.367869450181859,-0.0,-0.0,0.00022917069752382587,2.9381182100445034,0.000833767297033264,0.008011003955561521,0.013148479324585256,0.00046619748522567464,6.367991967873497,-0.0,-0.0
10.420851165769601,-0.0,-0.0,0.00010845034186049104,0.0,0.0,-0.0,0.0,-0.0,0.0,-0.0,-0.0
10.473427575103027,-0.0,-0.0,0.00026622098732673936,3.9018155708377016,0.0011092749425890471,0.020064547904263378,0.018119587688611865,0.0004934474691461085,4.892833002497415,-0.0,-0.0
10.525606384545682,-0.0,-0.0,-0.0,2.9381182100445034,0.0008335393152486014,0.0040842863051609845,0.014519514229159132,0.0004610714368054234,4.425245391735259,-0.0,-0.0
10.577395068342035,-0.0,-0.0,0.0002406889492017799,1.9684064693905472,0.0010174640032434568,0.021599060747179065,0.019049796245445897,0.0004496590102216247,4.425245391735259,-0.0,-0.0
10.628800878129447,-0.0,-0.0,0.0002003813328370122,2.9381182100445034,0.0009604563683137364,0.01824108208079172,0.015497891278997861,0.00046585368800219483,5.051452865541539,-0.0,-0.0
10.679830851959343,-0.0,-0.0,0.00021100384648231363,2.9381182100445034,0.0010551181932239558,0.018975852160402255,0.013733203215453425,0.00048738080916058336,5.051452865541539,-0.0,-0.0
10.730491822858024,-0.0,-0.0,0.00028347843234317817,2.9381182100445034,0.0010959202379397777,0.021254512449152954,0.01616347896671559,0.0004765494183034366,4.425245391735259,-0.0,-0.0
10.780790426955335,-0.0,-0.0,-0.0,2.9381182100445034,0.0010177816968835,0.0031319611344289115,0.014973290457095455,0.000478137488972759,4.425245391735259,-0.0,-0.0
10.830733111207397,-0.0,-0.0,0.00026961622938848035,2.9381182100445034,0.0011489450645554965,0.022097530081012874,0.01325056075215401,0.0005014774855924763,5.051452865541539,-0.0,-0.0
10.880326140737779,-0.0,-0.0,0.0002844343121984429,2.9381182100445034,0.0011328515387382622,0.01663109576655,0.013989415366935282,0.0004931491275395844,4.425245391735259,-0.0,-0.0
10.929575605819727,-0.0,-0.0,0.00023924287125907278,3.9018155708377016,0.0010840984896217708,0.023006617718167997,0.01813641305506245,0.0004916470826530032,4.425245391735259,-0.0,-0.0
10.978487428520612,0.06583927902400237,1.643453994740796,0.0002732896951343825,2.9381182100445034,0.0011826266945006729,0.00633474947350462,0.011617593057562305,0.0005224901593522302,5.699328112522137,-0.0,-0.0
11.027067369028186,-0.0,-0.0,0.00026590410153543806,2.9381182100445034,0.0013079114516095125,0.017673657986161814,0.01344328567251884,0.0005219046787873986,5.051452865541539,-0.0,-0.0
11.075321031676976,-0.0,-0.0,0.00023886450983975864,2.9381182100445034,0.0012216170287586573,0.023402503118408066,0.013751782221768354,0.00051371313911508,5.051452865541539,-0.0,-0.0
11.12325387069192,-0.0,-0.0,0.0002474841053108821,2.9381182100445034,0.001276501772799095,0.021401920903485937,0.015857776294720665,0.0005071909149137035,4.425245391735259,-0.0,-0.0
11.170871195665182,-0.0,-0.0,0.00029116603876037445,2.9381182100445034,0.0011655765567869796,0.021314456136545097,0.015777283618638453,0.0004900311660045252,4.425245391735259,-0.0,-0.0
11.21817817678108,-0.0,-0.0,6.929355271191473e-05,2.9381182100445034,0.0008381391737932154,0.010849762992387687,0.015604178099546753,0.000463992785610175,4.425245391735259,-0.0,-0.0
11.265179849803019,-0.0,-0.0,0.00028729316013210895,2.9381182100445034,0.0009639872521875059,0.0194803069351668,0.016992365631787586,0.00046892713177043626,4.425245391735259,-0.0,-0.0
11.311881120835492,-0.0,-0.0,9.891487269589777e-05,2.9381182100445034,0.0011420938774001084,0.0018907101713219088,0.016630279770926185,0.000488821588278366,4.425245391735259,-0.0,-0.0
11.358286770873375,-0.0,-0.0,0.0002914621314386389,2.9381182100445034,0.0010994977161024643,0.019332319860990363,0.017193075117856928,0.00047916117349470615,5.051452865541539,-0.0,-0.0
11.404401460149883,-0.0,-0.0,0.0002101789454022686,2.9381182100445034,0.0010976655471891374,0.008476191616111762,0.017521307627334955,0.0004799850556715247,4.425245391735259,-0.0,-0.0
11.450229732293987,-0.0,-0.0,-0.0,2.9381182100445034,0.0011111480292852753,0.01542130352995883,0.01883030027980833,0.0004787964405133626,5.051452865541539,-0.0,-0.0
11.495776018307284,-0.0,-0.0,-0.0,2.9381182100445034,0.0011811152330090011,0.002379786087317659,0.016860177143255724,0.0004957177376941098,4.425245391735259,-0.0,-0.0
11.54104464036975,-0.0,-0.0,0.00014824665496002167,2.9381182100445034,0.0011516753443186682,0.007517444712549317,0.019360838602822485,0.0004939269282161998,5.051452865541539,-0.0,-0.0
11.586039815483298,-0.0,-0.0,-0.0,0.0,0.0,-0.0,0.0,-0.0,0.0,-0.0,-0.0
11.630765658961398,-0.0,-0.0,-0.0,2.9381182100445034,0.0010277317925236633,0.018358247955061024,0.01876886274792264,0.00047187680136243657,5.699328112522137,-0.0,-0.0
11.6752261877726,-0.0,-0.0,0.0002794663256115064,2.9381182100445034,0.0011142079673026695,0.022706588196361906,0.019840314302937527,0.0004812439127494803,5.051452865541539,-0.0,-0.0
11.719425323745368,-0.0,-0.0,0.00022636755258289312,2.9381182100445034,0.0010445846810567055,0.01153459297733414,0.020119300230334484,0.00047366494593987065,4.425245391735259,-0.0,-0.0
11.763366896641068,-0.0,-0.0,0.00012192938960006687,3.9018155708377016,0.0010048464842617485,0.01770577570489698,0.020043426662055965,0.00044587653606376884,3.528767361861692,-0.0,-0.0
11.80705464710174,-0.0,-0.0,0.00011656408021742181,2.9381182100445034,0.0009374061764658118,0.008398576591077867,0.020757408414120954,0.0004087636651714071,4.425245391735259,-0.0,-0.0
11.850492229478707,-0.0,-0.0,-0.0,0.9905463345437587,0.0008828106919488556,-0.0,0.019293910182124358,0.0003865372499534028,6.367991967873497,-0.0,-0.0
11.89368321454787,-0.0,-0.0,-0.0,2.9381182100445034,0.0009565496420833668,0.014161070019043985,0.019731247005068234,0.00044570024379481777,5.051452865541539,-0.0,-0.0
11.936631092117157,-0.0,-0.0,-0.0,2.9381182100445034,0.0010140289913435374,0.0033678965134100324,0.016632486524342627,0.0004744108631401808,4.425245391735259,-0.0,-0.0
11.979339273531256,-0.0,-0.0,0.00018992073867553288,2.9381182100445034,0.0010631031860632897,0.0027593437211547297,0.014812423346216934,0.00047985703862426284,4.425245391735259,-0.0,-0.0
12.021811094078545,-0.0,-0.0,-0.0,2.9381182100445034,0.0009025842573411109,0.0015519464039286232,0.021438554843913302,0.0003990475152210308,3.241938500531646,-0.0,-0.0
12.064049815304768,-0.0,-0.0,-0.0,1.9684064693905472,0.0009205744596761557,0.005817321143248363,0.022811402938975715,0.0003733743186015496,3.528767361861692,-0.0,-0.0
12.10605862723786,0.024447451612599782,1.642796351984983,-0.0,1.9684064693905472,0.0009065444455250105,0.002768295699211716,0.025012795507459506,0.0003614678875014652,2.68727185080434,-0.0,-0.0
12.147840650527996,-0.0,-0.0,-0.0,1.9684064693905472,0.0008548147951506098,-0.0,0.022345639777739075,0.00036920372987184213,3.528767361861692,-0.0,-0.0
12.189398938506782,0.008077276547987133,-0.0,0.00028456871095723933,2.9381182100445034,0.0011177165239073673,0.01638714870648759,0.020604238312560974,0.00046403780000579744,3.241938500531646,-0.0,-0.0
12.230736479169234,-0.0,-0.0,0.00013984202610684633,1.9684064693905472,0.0007409922180083073,0.009346258736339251,0.014262585608149306,0.0004501410806840771,4.425245391735259,-0.0,-0.0
12.271856197082084,-0.0,-0.0,0.00012816642408394383,0.0,0.0,-0.0,0.0,-0.0,0.0,-0.0,-0.0
12.312760955221659,-0.0,-0.0,0.00023164494286367492,0.0,0.0,-0.0,0.0,-0.0,0.0,-0.0,-0.0
12.353453556744492,0.01689895269138768,1.6774721610171106,0.0002509830956030298,0.0,0.0,-0.0,0.0,-0.0,0.0,-0.0,-0.0
12.393936746693646,-0.0,-0.0,0.00023319617153146063,0.0,0.0,-0.0,0.0,-0.0,0.0,-0.0,-0.0
12.434213213643542,-0.0,-0.0,0.000249627093506884,2.9381182100445034,0.0009708143624732184,0.018250017257137176,0.017032223925672118,0.0004766672568098417,4.425245391735259,-0.0,-0.0
12.474285591285946,0.028735364171929272,1.5627719599267147,-0.0,2.9381182100445034,0.0011396472230443672,0.016601802807153183,0.018534614379710202,0.0004862138507144645,4.425245391735259,-0.0,-0.0
12.514156459959715,-0.0,-0.0,-0.0,0.9905463345437587,0.0010189701467828002,-0.0,0.02100208876415619,0.0004006781618916581,4.425245391735259,-0.0,-0.0
12.55382834812662,-0.0,-0.0,-0.0,2.9381182100445034,0.0009929468148493152,0.009581061935277305,0.019632257189132717,0.00047426226769596157,5.051452865541539,-0.0,-0.0
12.593303733795624,-0.0,-0.0,0.0002911049319994857,2.9381182100445034,0.0009832986180830063,0.01861189354032404,0.017033356146231304,0.00047966191722893163,4.425245391735259,-0.0,-0.0
12.632585045897716,-0.0,-0.0,0.00018063040822000487,2.9381182100445034,0.0010417300945776609,0.0026245909486934463,0.01626068507643139,0.00047528166498340106,4.425245391735259,-0.0,-0.0
12.67167466561341,-0.0,-0.0,-0.0,2.9381182100445034,0.0011275605949951997,0.023094908017140682,0.019938793296345955,0.00048579105283546437,4.425245391735259,-0.0,-0.0
12.710574927654857,-0.0,-0.0,-0.0,2.9381182100445034,0.0012062080012776404,0.005260471426649661,0.01594005935374581,0.0005002935097183016,4.425245391735259,-0.0,-0.0
12.749288121504451,-0.0,-0.0,-0.0,2.9381182100445034,0.001139597323392883,0.016071490368814643,0.01686299421265999,0.0004935419390533704,4.425245391735259,-0.0,-0.0
12.787816492611702,-0.0,-0.0,0.00021909283313020325,2.9381182100445034,0.0011672798111426802,0.01176279179831119,0.02042877403415249,0.0004911881049808872,4.425245391735259,-0.0,-0.0
12.826162243550076,-0.0,-0.0,-0.0,2.9381182100445034,0.001158252935651322,0.01755351446598171,0.018330109301771303,0.000496669368991839,4.425245391735259,-0.0,-0.0
12.864327535135411,0.007232569179408771,-0.0,0.0002865617168999646,0.0,0.0,-0.0,0.0,-0.0,0.0,-0.0,-0.0
12.902314487507446,-0.0,-0.0,0.00020095269586816562,2.9381182100445034,0.0010926241564695194,0.020914507277541163,0.02049771307716136,0.00048024981914313904,4.425245391735259,-0.0,-0.0
12.940125181175963,-0.0,-0.0,0.00017110058564022033,2.9381182100445034,0.001154511498382976,0.02162433324920068,0.01949428479976174,0.0004908516348811994,4.425245391735259,-0.0,-0.0
12.977761658032875,-0.0,-0.0,0.00021148902315349768,2.9381182100445034,0.0010544199048688231,0.012006263527320272,0.01715565865076581,0.00047746883925509293,4.425245391735259,-0.0,-0.0
13.01522592233165,0.0004155536564882983,-0.0,0.00023378659916635028,2.9381182100445034,0.00114104692844391,0.01599518953666622,0.012978875626045487,0.0005004618933579719,4.425245391735259,-0.0,-0.0
13.052519941635344,-0.0,-0.0,0.00019283415909359674,2.9381182100445034,0.0013068406533645884,0.021672332296531333,0.016518284751313377,0.0005060966996189606,5.051452865541539,-0.0,-0.0
13.089645647734407,-0.0,-0.0,-0.0,1.9684064693905472,0.0009114159593060875,0.004734365162311789,0.020912076327101528,0.00040842972205517523,4.425245391735259,-0.0,-0.0
13.12660493753547,-0.0,-0.0,0.00014306556956065905,3.9018155708377016,0.0009655032632472367,0.014895321191689799,0.01978695946575461,0.0004719254438527452,3.528767361861692,-0.0,-0.0
13.163399673922225,-0.0,-0.0,-0.0,2.9381182100445034,0.0011766309193463017,0.012581140802037526,0.01899221849342263,0.0004930258355529575,4.425245391735259,-0.0,-0.0
13.200031686589401,-0.0,-0.0,0.00011990106876007786,0.0,0.0,-0.0,0.0,-0.0,0.0,-0.0,-0.0
13.23650277285091,-0.0,-0.0,-0.0,2.9381182100445034,0.0012273285499544266,0.008430965553899229,0.01765970881615513,0.0004949662630141496,3.8216973168519974,-0.0,-0.0
13.272814698423105,-0.0,-0.0,-0.0,2.9381182100445034,0.0011866002694884143,0.021886092577045133,0.018527547386171156,0.0004955396619896607,4.425245391735259,-0.0,-0.0
13.308969198184052,-0.0,-0.0,0.00028782673356410267,1.9684064693905472,0.0012476551235618572,0.008097260282518833,0.01904634671334408,0.00047891936839311746,5.372739346809177,-0.0,-0.0
13.34496797690976,-0.0,-0.0,0.00013117880371176684,2.9381182100445034,0.0012303537145914628,0.016196925813633828,0.0183494916007177,0.0004992238030040976,4.425245391735259,-0.0,-0.0
13.380812709988142,-0.0,-0.0,0.0002274850712254923,2.9381182100445034,0.001276947653923422,0.01575821826236839,0.01905771607333462,0.0005015286113142331,5.051452865541539,-0.0,-0.0
13.41650504411157,0.08835019201732333,1.5164726778726498,-0.0,0.0,0.0,-0.0,0.0,-0.0,0.0,-0.0,-0.0
13.45204659794879,-0.0,-0.0,-0.0,0.0,0.0,-0.0,0.0,-0.0,0.0,-0.0,-0.0
13.487438962796922,-0.0,-0.0,0.0001867743935911991,2.9381182100445034,0.0010468940005899994,0.019797218287628225,0.018784345941031958,0.00048099759974453674,3.8216973168519974,-0.0,-0.0
13.522683703214277,0.0384629145750899,-0.0,-0.0,1.9684064693905472,0.0009096820781277256,-0.0,0.01782751734048365,0.00045737844039068153,5.372739346809177,-0.0,-0.0
13.55778235763465,0.05451031183658718,1.5172808032606626,0.00010137362290217165,1.9684064693905472,0.0009069049275416861,0.010375003195205967,0.020397543466197755,0.00043612528556951995,4.425245391735259,-0.0,-0.0
13.592736438963776,-0.0,-0.0,0.00026237176490281374,3.9018155708377016,0.0012975189256229525,0.008977145237514856,0.019441870194806598,0.0004945068215036952,3.100864131432008,-0.0,-0.0
13.627547435158528,-0.0,-0.0,-0.0,1.9684064693905472,0.0012642668320643278,0.004604515939459586,0.019206660110978404,0.0004773501888461079,6.367991967873497,-0.0,-0.0
13.662216809789532,-0.0,-0.0,-0.0,3.9018155708377016,0.001288446746473811,0.012416542969877598,0.01792576396902289,0.0005047097419903172,3.528767361861692,-0.0,-0.0
13.69674600258767,-0.0,-0.0,9.430139472179692e-05,2.9381182100445034,0.0007559189973288798,0.011732621958176915,0.014448863941789175,0.00045691233182593144,3.8216973168519974,-0.0,-0.0
13.731136429975129,-0.0,-0.0,-0.0,2.9381182100445034,0.0013092217663777134,0.02116609745464262,0.017356854441945825,0.0005016012296079451,5.051452865541539,-0.0,-0.0
13.765389485581458,-0.0,-0.0,-0.0,2.9381182100445034,0.0013131639886966662,0.02119890271865418,0.015391773643251724,0.0005098778932000808,4.425245391735259,-0.0,-0.0
13.79950654074518,-0.0,-0.0,9.62080560875022e-05,2.9381182100445034,0.0012147530369017426,0.02241034367456492,0.01781555654963225,0.0005043009985993614,4.425245391735259,-0.0,-0.0
13.833488945001415,0.014013271985766275,1.600665260916848,0.00028295255458575226,2.9381182100445034,0.0010128466674680697,0.017091311343704157,0.01821279747372568,0.0004803181803714604,4.425245391735259,-0.0,-0.0
13.867338026556014,-0.0,-0.0,8.581734012864477e-05,0.0,0.0,-0.0,0.0,-0.0,0.0,-0.0,-0.0
13.901055092746654,-0.0,-0.0,0.00017414460804469838,0.0,0.0,-0.0,0.0,-0.0,0.0,-0.0,-0.0
13.93464143049128,0.04881171457641744,-0.0,-0.0,2.9381182100445034,0.0011436368188438536,0.016106199910790417,0.014941038461153055,0.00048077223431125266,4.425245391735259,-0.0,-0.0
13.96809830672439,-0.0,-0.0,0.00017466064827140068,2.9381182100445034,0.0010625215647842882,0.013157892444235519,0.015552853021967345,0.0004742887143224892,4.425245391735259,-0.0,-0.0
14.001426968821507,0.016446334420172508,-0.0,0.000283072295749599,2.9381182100445034,0.0012879757355243695,0.018412604719236624,0.012701172140834893,0.0005251016939696643,5.051452865541539,-0.0,-0.0
14.034628645012216,0.09895140296655255,1.6462559769660625,0.0002862207819971312,3.9018155708377016,0.001390066643372779,0.02358801392102776,0.013259841970545715,0.0005397857560923695,5.372739346809177,-0.0,-0.0
14.067704544782197,0.13125252571478613,-0.0,0.000250346881165226,2.9381182100445034,0.001158539252562624,0.01472863929172576,0.017436926152459818,0.00046839438715769,4.425245391735259,-0.0,-0.0
14.100655859264538,-0.0,-0.0,-0.0,2.9381182100445034,0.0013423026018485086,0.02296561475997789,0.019023117015394154,0.0005065261450087621,4.425245391735259,-0.0,-0.0
14.133483761620727,-0.0,-0.0,-0.0,2.9381182100445034,0.001151132529196061,0.010033107191526714,0.017993816462134698,0.0004985362929416267,4.425245391735259,-0.0,-0.0
14.166189407411617,-0.0,-0.0,9.301889492710338e-05,2.9381182100445034,0.0010692509324478265,0.012196385767496683,0.017820284644376166,0.0004665611599846993,4.425245391735259,-0.0,-0.0
14.198773934958716,-0.0,-0.0,0.0002069102110363626,2.9381182100445034,0.0013082305766030989,0.020524285674799414,0.015874632544252563,0.0005067567295692477,4.425245391735259,-0.0,-0.0
14.231238465696048,-0.0,-0.0,-0.0,2.9381182100445034,0.0013276721958138987,0.021632416437728213,0.018767566744095604,0.0004999679262724349,5.051452865541539,-0.0,-0.0
14.26358410451298,-0.0,-0.0,-0.0,0.9905463345437587,0.0011637157356763149,-0.0,0.019882704214830196,0.00042444583780356585,6.367991967873497,-0.0,-0.0
14.295811940088173,-0.0,-0.0,0.0001567480593583431,2.9381182100445034,0.00131007213938137,0.0025885066107936006,0.014388134178399247,0.0005131581978960392,4.425245391735259,-0.0,-0.0
14.32792304521505,-0.0,-0.0,-0.0,0.0,0.0,-0.0,0.0,-0.0,0.0,-0.0,-0.0
14.359918477118958,-0.0,-0.0,-0.0,0.0,0.0,-0.0,0.0,-0.0,0.0,-0.0,-0.0
14.391799277766323,-0.0,-0.0,-0.0,2.9381182100445034,0.001404467092116379,0.02345747038441792,0.01816862297204375,0.0005051728165966059,4.425245391735259,-0.0,-0.0
14.423566474166032,-0.0,-0.0,0.00022943778433564163,2.9381182100445034,0.0010966621829646358,0.015598304878310761,0.02012227885994959,0.00046635180021661036,4.425245391735259,-0.0,-0.0
14.455221078663268,-0.0,-0.0,0.00024193940770634483,2.9381182100445034,0.001060366603604508,0.019873649579616043,0.01765091974556267,0.0004924159676655863,4.425245391735259,-0.0,-0.0
14.486764089226051,-0.0,-0.0,-0.0,2.9381182100445034,0.0010916039703056737,0.007358652256958598,0.01815310664176955,0.0004973080467734107,4.425245391735259,-0.0,-0.0
14.518196489724668,0.03165951785086802,1.617713430160595,0.00023380108585179484,0.0,0.0,-0.0,0.0,-0.0,0.0,-0.0,-0.0
14.549519250204241,0.1529940074654335,1.6378323129191803,0.0002716958882755578,2.9381182100445034,0.001188712480923039,0.019968121372830806,0.01992038548118333,0.00046624011694929485,4.425245391735259,-0.0,-0.0
14.580733327150606,-0.0,-0.0,-0.0,1.9684064693905472,0.0009090990382936352,0.010525970736008153,0.02197491192486941,0.00041839041531709385,3.528767361861692,-0.0,-0.0
14.611839663749738,-0.0,-0.0,0.00028769579260525723,0.0,0.0,-0.0,0.0,-0.0,0.0,-0.0,-0.0
14.642839190140862,-0.0,-0.0,0.00028658598914996664,2.9381182100445034,0.0014037503493945233,0.02352951108064584,0.018951219697535254,0.0005068510846242153,4.425245391735259,-0.0,-0.0
14.673732823663482,-0.0,-0.0,7.622488374996749e-05,2.9381182100445034,0.0006713941087803471,0.007661042739111364,0.01300591498510047,0.00043707680062804867,2.68727185080434,-0.0,-0.0
14.704521469098482,-0.0,-0.0,-0.0,2.9381182100445034,0.0008021057378327518,0.010581436609574847,0.01529293090134664,0.0004503454994405504,3.241938500531646,-0.0,-0.0
14.735206018903474,0.042282542937040306,1.6981158005712473,-0.0,0.0,0.0,-0.0,0.0,-0.0,0.0,-0.0,-0.0
14.765787353442546,-0.0,-0.0,8.833401072015278e-05,0.0,0.0,-0.0,0.0,-0.0,0.0,-0.0,-0.0
14.796266341210606,-0.0,-0.0,8.150773150861641e-05,2.9381182100445034,0.0008701058542627546,0.012641644801201477,0.01537986678178187,0.0004709930445857714,4.425245391735259,-0.0,-0.0
14.826643839052442,0.01146828962994411,-0.0,0.0002780214847415831,0.9905463345437587,0.0007424157886752234,-0.0,0.01563060574091963,0.0003900175718823139,4.425245391735259,-0.0,-0.0
14.856920692376663,-0.0,-0.0,-0.0,2.9381182100445034,0.0009105506551854518,0.011727586016443576,0.02290300943020502,0.00041541022111476437,2.1592216989386643,-0.0,-0.0
14.887097735364657,-0.0,-0.0,-0.0,2.9381182100445034,0.0013809820053549947,0.02233684647496655,0.016643499714050575,0.0005080363132642045,4.425245391735259,-0.0,-0.0
14.917175791174717,-0.0,-0.0,0.00023405606143982218,2.9381182100445034,0.0010571105835231395,0.019744846090426142,0.018810717117535625,0.0004924406259880207,4.425245391735259,-0.0,-0.0
14.947155672141477,-0.0,-0.0,-0.0,2.9381182100445034,0.0013282071445379117,0.022760194252131553,0.01957998668812489,0.0005036685698292072,4.425245391735259,-0.0,-0.0
14.977038179970744,-0.0,-0.0,-0.0,0.9905463345437587,0.0008317208545657625,-0.0,0.022703253861900884,0.000362761751404917,4.425245391735259,-0.0,-0.0
15.006824105929926,0.03835013911508042,1.5287916449942038,8.497658242179892e-05,1.9684064693905472,0.0009156638607405179,0.011075255339962311,0.02244764309995887,0.0004263058610881149,4.425245391735259,-0.0,-0.0
15.036514231034111,-0.0,-0.0,0.0002841615305626209,2.9381182100445034,0.0010469279462704962,0.019706296235370728,0.017683785023706215,0.00047802159011940036,4.425245391735259,-0.0,-0.0
15.066109326227947,-0.0,-0.0,0.00015451877353191265,2.9381182100445034,0.0010906974220336635,0.005976456506918627,0.020536439853965572,0.0004722941795523286,4.425245391735259,-0.0,-0.0
15.095610152563438,-0.0,-0.0,0.00013066905564756433,2.9381182100445034,0.0011051482040580617,0.0022975367151440934,0.01974877288401524,0.0004672720831484791,4.425245391735259,-0.0,-0.0
15.125017461373778,-0.0,-0.0,0.0002143895924648334,2.9381182100445034,0.0012000347724833856,0.022442397613456875,0.020896037746146907,0.0005019419351836411,5.051452865541539,-0.0,-0.0
15.154331994443272,0.021156461149591053,-0.0,0.0002864189382576967,2.9381182100445034,0.0011996515961826427,0.01911225516689963,0.019576111469119924,0.00046706084606316494,4.425245391735259,-0.0,-0.0
15.183554484173534,-0.0,-0.0,0.00020628523870955555,2.9381182100445034,0.0013806936473581366,0.022507042510674806,0.01854588831979289,0.0005010683146058039,4.425245391735259,-0.0,-0.0
15.21268565374601,-0.0,-0.0,0.00012574639301730388,2.9381182100445034,0.0013469596893549176,0.022445225325965948,0.017868800502656403,0.000498925419607497,4.425245391735259,-0.0,-0.0
15.241726217280913,-0.0,-0.0,-0.0,2.9381182100445034,0.0013215888309913173,0.020426221184383305,0.01878348461467371,0.000498772581871811,4.425245391735259,-0.0,-0.0
15.270676879992713,0.0017701641959941069,-0.0,6.202960756857442e-05,2.9381182100445034,0.0009251411714345742,0.011777847312429986,0.021248674551353305,0.000453409363227949,3.8216973168519974,-0.0,-0.0
15.299538338342225,-0.0,-0.0,0.0001487264770899646,2.9381182100445034,0.0010646543902826885,0.021395593675340302,0.020213510646225192,0.0004858566189266292,5.051452865541539,-0.0,-0.0
15.328311280185426,-0.0,-0.0,0.0002877977953095931,2.9381182100445034,0.0011324386594585355,0.0070857223031462494,0.01813560226995833,0.00046848470192185416,4.425245391735259,-0.0,-0.0
15.35699638491904,0.10735703219173924,1.5817427952833418,0.00016068172011356408,0.0,0.0,-0.0,0.0,-0.0,0.0,-0.0,-0.0
15.385594323623026,-0.0,-0.0,8.85937574720864e-05,0.0,0.0,-0.0,0.0,-0.0,0.0,-0.0,-0.0
15.414105759200007,-0.0,-0.0,-0.0,2.9381182100445034,0.0012234204160282963,0.018256708665806375,0.019310156175117704,0.0004958564508397477,4.425245391735259,-0.0,-0.0
15.442531346511753,-0.0,-0.0,0.00021148544688820884,2.9381182100445034,0.0012290505511766132,0.019167872658671335,0.017756048155312298,0.0004707409769897199,4.425245391735259,-0.0,-0.0
15.470871732512755,-0.0,-0.0,7.582009000600057e-05,2.9381182100445034,0.0011626673101192738,0.017266070987727162,0.019729317272172586,0.0004789562208025903,3.8216973168519974,-0.0,-0.0
15.499127556381005,-0.0,-0.0,-0.0,0.9905463345437587,0.00109418629520629,-0.0,0.021085121183763933,0.00041230104213885177,4.425245391735259,-0.0,-0.0
15.52729944964603,0.05567526858858861,-0.0,0.0002320988118469014,3.9018155708377016,0.0013970641908081188,0.023607835655616815,0.013427427234990304,0.0005410561421096786,5.372739346809177,-0.0,-0.0
15.555388036314246,-0.0,-0.0,-0.0,2.9381182100445034,0.0008580045915516763,0.004267589396544571,0.015187768475190292,0.0004705795610387707,4.425245391735259,-0.0,-0.0
15.58339393299172,-0.0,-0.0,0.00016616919241505023,2.9381182100445034,0.0013074652439309458,0.019664090556013508,0.01851964269298711,0.0004963296731764017,4.425245391735259,-0.0,-0.0
15.611317749004387,0.1511335708984275,1.5374432906477415,0.00013072517814593135,2.9381182100445034,0.0009459541772956298,0.01081177945076503,0.019728689133991003,0.0004539757167596865,3.241938500531646,-0.0,-0.0
15.639160086515783,0.000144306642725475,-0.0,0.0001448935780455481,0.9905463345437587,0.0008498624943693678,-0.0,0.019422760916412398,0.00039284414760310703,4.425245391735259,-0.0,-0.0
15.66692154064239,-0.0,-0.0,0.00022725049547993643,2.9381182100445034,0.0010679714508850437,0.02020362291996411,0.016370651058042775,0.00047648027654975997,4.425245391735259,-0.0,-0.0
15.69460269956659,-0.0,-0.0,-0.0,2.9381182100445034,0.0009353878243757471,0.008668461632134177,0.02171888537171353,0.00044928603114726507,3.8216973168519974,-0.0,-0.0
15.722204144647355,0.10843553831366148,1.59925122214815,0.00014498786118024464,0.9905463345437587,0.0006092167214511297,-0.0,0.012883771377161325,0.00037968056270781494,4.425245391735259,-0.0,-0.0
15.749726450528685,-0.0,-0.0,0.00010326750459761881,3.9018155708377016,0.0011137353788985296,0.02241904201131492,0.021561592011680453,0.0004985595639006025,4.425245391735259,-0.0,-0.0
15.777170185245863,-0.0,-0.0,0.0002812156691555054,2.9381182100445034,0.0011507984761714586,0.01573179442445914,0.016112722334191705,0.0004767398890594094,4.425245391735259,-0.0,-0.0
15.804535910329566,-0.0,-0.0,0.00028852064741675585,2.9381182100445034,0.0012511321954879516,0.021485990645941346,0.015606098278655441,0.00048494134296513114,4.425245391735259,-0.0,-0.0
15.831824180907924,-0.0,-0.0,0.00010990944861384854,2.9381182100445034,0.0013591714190794276,0.022441453493733547,0.01634502848382809,0.0005057728182496534,4.425245391735259,-0.0,-0.0
15.859035545806522,-0.0,-0.0,-0.0,2.9381182100445034,0.0012321695077812363,0.0040759122399085055,0.019083858186740858,0.0004966440808326375,4.425245391735259,-0.0,-0.0
15.88617054764644,-0.0,-0.0,0.0002881737725259018,3.9018155708377016,0.0012401500603957355,0.022602358992325596,0.020852045312981668,0.0005049036775882066,4.425245391735259,-0.0,-0.0
15.913229722940347,-0.0,-0.0,0.00016641635116279756,2.9381182100445034,0.0010465169446974784,0.0176413616744623,0.017702173170932964,0.0004675271452670354,4.425245391735259,-0.0,-0.0
15.940213602186713,-0.0,-0.0,-0.0,2.9381182100445034,0.0009082768530385483,0.011080574244982235,0.01633775111497925,0.0004707373883225715,4.425245391735259,-0.0,-0.0
15.967122709962188,-0.0,-0.0,-0.0,1.9684064693905472,0.0006816944423536865,0.005377934146352813,0.01307350267323444,0.00043809787075580695,4.425245391735259,-0.0,-0.0
15.99395756501216,-0.0,-0.0,0.0002537235601122645,2.9381182100445034,0.0013375170084760695,0.023550213232939685,0.014536063884927152,0.0005053447165880851,5.051452865541539,-0.0,-0.0
16.02071868033958,-0.0,-0.0,-0.0,2.9381182100445034,0.0013271805648996497,0.020369333981027266,0.018925018229078366,0.0004982658425830245,4.425245391735259,-0.0,-0.0
16.047406563292064,-0.0,-0.0,0.00028739035328674496,2.9381182100445034,0.0010842359042031778,0.018547048473906654,0.020635350479713332,0.00044886118325867483,3.241938500531646,-0.0,-0.0
16.0740217156473,0.007254967487136369,-0.0,0.00029138730267924044,2.9381182100445034,0.0013925386835993009,0.023560929865440765,0.01508508970420231,0.0005183993674423089,5.051452865541539,-0.0,-0.0
16.10056463369687,-0.0,-0.0,-0.0,2.9381182100445034,0.0013213556891722425,0.01642940717669284,0.017335135293223943,0.0005024459015371319,5.051452865541539,-0.0,-0.0
16.1270358083284,0.10104457034422612,-0.0,-0.0,0.0,0.0,-0.0,0.0,-0.0,0.0,-0.0,-0.0
16.153435725106213,0.01655507698921026,-0.0,-0.0,0.0,0.0,-0.0,0.0,-0.0,0.0,-0.0,-0.0
16.17976486435044,0.04180568156225289,1.741116756236237,-0.0,0.0,0.0,-0.0,0.0,-0.0,0.0,-0.0,-0.0
16.206023701214608,-0.0,-0.0,-0.0,0.0,0.0,-0.0,0.0,-0.0,0.0,-0.0,-0.0
16.23221270576182,-0.0,-0.0,0.0002538208276651016,2.9381182100445034,0.0009749091372540968,0.015404074799878292,0.020545533516474437,0.0004729716773333236,5.051452865541539,-0.0,-0.0
16.258332343039477,-0.0,-0.0,-0.0,1.9684064693905472,0.0009041219378500218,0.0034805012669736077,0.023328140852371306,0.00038947798121821437,2.68727185080434,-0.0,-0.0
16.284383073152615,-0.0,-0.0,-0.0,0.9905463345437587,0.0008224155346388777,-0.0,0.02295107448644106,0.000342402947495656,2.68727185080434,-0.0,-0.0
16.310365351335896,-0.0,-0.0,-0.0,2.9381182100445034,0.0013179212593316739,0.013795400662342026,0.01981723351515976,0.0004984790230361583,4.425245391735259,-0.0,-0.0
16.336279628024258,-0.0,-0.0,0.0002883096489057539,3.9018155708377016,0.0013329407618414223,0.022798927326572804,0.017301880602527485,0.0005128318402883976,4.425245391735259,-0.0,-0.0
16.362126348922263,-0.0,-0.0,0.00029147007101035206,2.9381182100445034,0.0013259030155085825,0.022107929772115297,0.01865646759416035,0.0004990800567159367,5.051452865541539,-0.0,-0.0
16.387905955072192,-0.0,-0.0,0.00018513812052627296,0.9905463345437587,0.001016227956866871,-0.0,0.021703730232341435,0.00038886172236780246,4.425245391735259,-0.0,-0.0
16.413618882920865,-0.0,-0.0,0.0002915747128184683,2.9381182100445034,0.0012617257122355893,0.02056965578715811,0.021014708994276314,0.0004940224982472771,5.051452865541539,-0.0,-0.0
16.439265564385273,-0.0,-0.0,-0.0,2.9381182100445034,0.0010937385049988274,0.020295055750494433,0.01869800065195075,0.00046564602494950915,4.425245391735259,-0.0,-0.0
16.464846426917017,0.06030257647384901,1.6705450791979206,4.344551127683867e-05,0.0,0.0,-0.0,0.0,-0.0,0.0,-0.0,-0.0
16.490361893565577,-0.0,-0.0,0.0002877891105976341,2.9381182100445034,0.0011077167608315862,0.020189546532055094,0.017056736466690647,0.00046472822523831376,4.425245391735259,0.0011249230632950713,-0.0
16.515812383040448,-0.0,-0.0,0.0002910574594730192,2.9381182100445034,0.0012727385902874977,0.02299711208579242,0.01584175301979481,0.00047108305011458464,3.241938500531646,-0.0,-0.0
16.541198309772167,0.03978246608101866,1.6072703216950848,0.0002398406795184155,3.9018155708377016,0.001247110563050663,0.0209244442034117,0.01297591830910407,0.0005284412705260037,5.372739346809177,-0.0,-0.0
16.566520083972236,-0.0,-0.0,0.00029153779726465287,2.9381182100445034,0.0013770451219500509,0.02275505069420731,0.016395554627130257,0.0005118306881295507,5.051452865541539,-0.0,-0.0
16.59177811169202,-0.0,-0.0,0.00028243274701279623,2.9381182100445034,0.0008553849023183099,0.0214545234544229,0.015393296572734874,0.0004083469997037453,3.8216973168519974,-0.0,-0.0
16.616972794880528,-0.0,-0.0,0.0002860544993867078,0.9905463345437587,0.000743396685292031,-0.0,0.014666697613317443,0.00035723042491626303,4.425245391735259,-0.0,-0.0
16.642104531441277,-0.0,-0.0,-0.0,2.9381182100445034,0.001192753489577372,0.014990164820945763,0.01507062493112897,0.0005093414173342638,5.699328112522137,-0.0,-0.0
16.667173715288058,-0.0,-0.0,-0.0,3.9018155708377016,0.0009512474077950771,0.021628379043379276,0.009575124582785923,0.0005295989815093479,5.372739346809177,-0.0,-0.0
16.692180736399802,-0.0,-0.0,0.0001254925137812805,2.9381182100445034,0.0010717972155619517,0.022939781698826708,0.01640658713620281,0.0004655784835124567,5.051452865541539,0.0011249230632950713,-0.0
16.71712598087443,-0.0,-0.0,0.00025363429733055615,2.9381182100445034,0.0011750583168693629,0.022867847156782646,0.016307455516621362,0.00046711140698763964,4.425245391735259,0.0011249230632950713,-0.0
16.742009830981832,-0.0,-0.0,-0.0,2.9381182100445034,0.0012425117587309326,0.015761514864555716,0.017912269679199292,0.0004966330289687515,5.051452865541539,-0.0,-0.0
16.76683266521585,-0.0,-0.0,0.0002802516726391977,2.9381182100445034,0.0012905308211290261,0.02208829304472698,0.020070251750541442,0.0004917154776471793,4.425245391735259,-0.0,-0.0
16.791594858345448,-0.0,-0.0,-0.0,2.9381182100445034,0.0012004753998362888,0.011867770353272428,0.01853848200617911,0.000494562989311805,5.051452865541539,-0.0,-0.0
16.816296781464928,-0.0,-0.0,0.0002758864010801544,2.9381182100445034,0.0012707298644793169,0.02046918675298244,0.021221141470409093,0.0004727089538740295,3.241938500531646,-0.0,-0.0
16.840938802043354,-0.0,-0.0,0.00016540994361636055,0.9905463345437587,0.0011654603806365933,-0.0,0.022090386705962604,0.00040743172135181263,4.425245391735259,-0.0,-0.0
16.865521283973077,-0.0,-0.0,0.0002916072640013788,2.9381182100445034,0.0012573824920205376,0.020039583224421353,0.021608095887229582,0.0004889263242402429,4.425245391735259,-0.0,-0.0
16.890044587617467,-0.0,-0.0,0.00023622220023248992,2.9381182100445034,0.0010457004188381134,0.012961649442091851,0.020342062654936457,0.000488295652555534,5.051452865541539,-0.0,-0.0
16.91450906985784,-0.0,-0.0,0.00019185335638535812,2.9381182100445034,0.0011933530290553426,0.02284545605634357,0.021993870626622943,0.0004974015535115455,5.051452865541539,-0.0,-0.0
16.93891508413957,-0.0,-0.0,-0.0,2.9381182100445034,0.0011571376458030026,0.0050550319277952345,0.019701184110682862,0.0004960686680712928,5.051452865541539,-0.0,-0.0
16.96326298051744,-0.0,-0.0,-0.0,2.9381182100445034,0.0008714165171895159,0.010784577556060628,0.0166107314464282,0.00046835373618292915,4.425245391735259,-0.0,-0.0
16.987553105700243,-0.0,-0.0,-0.0,2.9381182100445034,0.001142408904955338,0.02027449799922388,0.020997185224626784,0.0004950996293641228,4.425245391735259,-0.0,-0.0
17.011785803094618,-0.0,-0.0,0.0002914198335103509,0.9905463345437587,0.0011922389863944108,-0.0,0.01729551101845064,0.0004061650253818903,4.425245391735259,-0.0,-0.0
17.03596141284817,0.062100299767287925,1.5248013352931518,0.00012939956565092967,2.9381182100445034,0.0009139286391666768,0.012543738005389408,0.019569275644631488,0.00045396197671095345,3.241938500531646,-0.0,-0.0
17.060080271891888,-0.0,-0.0,-0.0,2.9381182100445034,0.0006904128124261556,0.008782622372196718,0.012250614277984883,0.0004606036299216745,3.8216973168519974,-0.0,-0.0
17.084142713981826,0.05709455865339054,1.578461836711192,0.00010773369945116797,2.9381182100445034,0.0008927204014398376,-0.0,0.015605968841403393,0.0003987071443399622,4.425245391735259,0.001124923063294718,-0.0
17.108149069740136,0.018259696840489982,-0.0,0.00016396898721346182,2.9381182100445034,0.0008929286688326761,-0.0,0.017701574757811606,0.0003875684207473234,4.425245391735259,0.0011249230632950713,-0.0
17.13209966669541,-0.0,-0.0,-0.0,2.9381182100445034,0.0010043746219675835,0.008914682823118403,0.01797635830313612,0.0003987071443399622,4.425245391735259,0.0011249230590271557,-0.0
17.155994829322363,0.048433654340257065,1.6399673486055808,0.00013804917599769974,2.9381182100445034,0.0009973787915604283,0.006423153243350863,0.020304688730299034,0.0003875684207473234,4.425245391735259,0.0011249230632950713,-0.0
17.17983487908088,-0.0,-0.0,0.000129431906907843,3.9018155708377016,0.001034253947595862,0.02321711751902502,0.01709035228189634,0.00046756691084947325,4.425245391735259,-0.0,-0.0
17.203620134454415,-0.0,-0.0,-0.0,0.0,0.0,-0.0,0.0,-0.0,0.0,-0.0,-0.0
17.22735091098779,-0.0,-0.0,-0.0,0.0,0.0,-0.0,0.0,-0.0,0.0,-0.0,-0.0
17.251027521324357,-0.0,-0.0,-0.0,2.9381182100445034,0.0008748878799315297,0.0066276332708203375,0.016390375366582617,0.0004616438844517018,5.051452865541539,0.0011249230632949898,-0.0
17.274650275242593,-0.0,-0.0,-0.0,2.9381182100445034,0.001155686149630355,0.014993791502164048,0.020457953811930874,0.0004982463878211769,4.425245391735259,-0.0,-0.0
17.298219479692083,-0.0,-0.0,-0.0,2.9381182100445034,0.0010989810201133842,0.01575821826236839,0.02190756550249963,0.0004909997123866878,5.051452865541539,-0.0,-0.0
17.321735438828956,0.03784061430527723,1.7225935496080562,-0.0,2.9381182100445034,0.0006061896342336097,0.005189622424387213,0.00986483873113216,0.0004539539969479612,4.425245391735259,-0.0,-0.0
17.345198454050735,-0.0,-0.0,-0.0,0.0,0.0,-0.0,0.0,-0.0,0.0,-0.0,-0.0
17.36860882403064,-0.0,-0.0,-0.0,2.9381182100445034,0.0010573464656749982,0.011027281137197083,0.016649571917585378,0.00043833143887397755,5.699328112522137,-0.0,-0.0
17.39196684475138,-0.0,-0.0,-0.0,2.9381182100445034,0.0006373192756100465,0.006430499300329395,0.016339585488719246,0.000283707071112344,2.1592216989386643,-0.0,-0.0
17.41527280953834,-0.0,-0.0,0.00019592724594254363,0.9905463345437587,0.0005995913771575936,-0.0,0.016605778987723696,0.00025720965108544955,4.425245391735259,-0.0,-0.0
17.438527009092343,-0.0,-0.0,-0.0,2.9381182100445034,0.0011168686967363325,0.015098289312824977,0.018902753100990065,0.000498257072455919,4.425245391735259,-0.0,-0.0
17.46172973152183,-0.0,-0.0,-0.0,2.9381182100445034,0.0012137936256473253,0.015500080577367929,0.018749514423180517,0.0004925023262128325,5.051452865541539,-0.0,-0.0
17.48488126237456,-0.0,-0.0,-0.0,3.9018155708377016,0.0008466646347260118,0.005181733055649752,0.014533340310221568,0.0004689197096227993,4.425245391735259,0.0011249227970020737,-0.0
17.507981884668826,-0.0,-0.0,-0.0,2.9381182100445034,0.0009040958436929032,0.008456825921907017,0.01616275828956415,0.0004599781307314196,5.699328112522137,0.0011249230632949898,-0.0
17.53103187892418,-0.0,-0.0,0.00023399684854060075,2.9381182100445034,0.0006869832339131507,0.012711035437819887,0.014709780326402948,0.00032859810194247685,3.241938500531646,-0.0,-0.0
17.554031523191686,-0.0,-0.0,0.000273653648778406,0.9905463345437587,0.0006601506893245942,-0.0,0.015550205976455624,0.0002938742634308639,4.425245391735259,-0.0,-0.0
17.576981093083702,-0.0,-0.0,-0.0,3.9018155708377016,0.0011681302052686938,0.011792883257338675,0.019147582395704674,0.0005028948813421313,4.425245391735259,-0.0,-0.0
17.599880861803236,-0.0,-0.0,-0.0,0.0,0.0,-0.0,0.0,-0.0,0.0,-0.0,-0.0
17.622731100172793,-0.0,-0.0,-0.0,0.0,0.0,-0.0,0.0,-0.0,0.0,-0.0,-0.0
17.64553207666285,-0.0,-0.0,0.00016215461890342446,3.9018155708377016,0.001041630820493055,0.015859757665986816,0.019848117692917496,0.0004947897805242745,3.9704008786689515,-0.0,-0.0
17.66828405741986,-0.0,-0.0,-0.0,2.9381182100445034,0.0010162444738355922,0.013055776656773292,0.01939983531755809,0.000480391025496417,4.425245391735259,-0.0,-0.0
17.690987306293845,-0.0,-0.0,-0.0,2.9381182100445034,0.0009615054978397747,0.01915680564397501,0.015265134738122448,0.000464788519631916,5.699328112522137,-0.0,-0.0
17.713642084865555,0.060657765632731814,1.5091560658108727,0.0002013403698240595,2.9381182100445034,0.0007551619053616189,0.020746787356852883,0.014818364429515183,0.000360672138268203,4.425245391735259,-0.0,-0.0
17.73624865247326,-0.0,-0.0,-0.0,4.860746996186196,0.0011714349129721868,0.021645279860355252,0.016174444651188665,0.0005104154148408693,4.425245391735259,-0.0,-0.0
17.758807266239096,-0.0,-0.0,0.00022694348080489767,2.9381182100445034,0.0006677946029311345,0.00900205409455379,0.01570236426528271,0.0003156601842632177,4.425245391735259,-0.0,-0.0
17.78131818109505,-0.0,-0.0,-0.0,2.9381182100445034,0.0011796320454574723,0.015011901517694442,0.018280164795515367,0.0004930975019433932,5.699328112522137,-0.0,-0.0
17.803781649808535,-0.0,-0.0,-0.0,3.9018155708377016,0.0009523563329606644,0.022923727167732343,0.010065534779946468,0.0005281338646193581,5.86457731544171,-0.0,-0.0
17.8261979230076,0.058053260362994207,1.5945018990273487,-0.0,2.9381182100445034,0.001178824699774432,0.012421280459189754,0.013645277280668585,0.0005038786086351277,5.051452865541539,-0.0,-0.0
17.84856724920578,-0.0,-0.0,0.00023384072425371432,2.9381182100445034,0.0010413704096269968,0.0034805012669736077,0.012078172920821488,0.0004944166917543295,4.425245391735259,-0.0,-0.0
17.870889874826535,-0.0,-0.0,-0.0,2.9381182100445034,0.0009023447835439267,0.01056482214830397,0.018778258923086096,0.0004649124084081542,4.425245391735259,-0.0,-0.0
17.89316604422738,0.0109670916770329,1.719473421574297,0.00020822238476938369,0.9905463345437587,0.0008419351088940807,-0.0,0.019828490486879295,0.00039283344988287654,4.425245391735259,-0.0,-0.0
17.91539599972364,-0.0,-0.0,0.00018907051845590343,2.9381182100445034,0.0011290948013482757,0.008738332934961375,0.018643248533601425,0.0004917370553021964,5.051452865541539,-0.0,-0.0
17.937579981611847,-0.0,-0.0,-0.0,2.9381182100445034,0.0011400409114336691,0.011524347073753825,0.018586206232962487,0.0005008717179389193,5.699328112522137,-0.0,-0.0
17.95971822819283,-0.0,-0.0,0.0001688604932039075,0.9905463345437587,0.000584571693288073,-0.0,0.0160712281575286,0.00025720965108544955,4.425245391735259,-0.0,-0.0
17.981810975794414,-0.0,-0.0,-0.0,2.9381182100445034,0.0010848940687554049,0.010205170173962764,0.02017005866972903,0.0004913850467920561,5.051452865541539,-0.0,-0.0
18.003858458793864,-0.0,-0.0,-0.0,3.9018155708377016,0.0011029436673822273,0.019121573914614234,0.01692359565151039,0.0005059648755470899,4.425245391735259,-0.0,-0.0
18.02586090963995,0.0372220574115617,1.6432716217083958,-0.0,2.9381182100445034,0.0006961770341623619,0.00036316656648247535,0.016537274243937427,0.0003175953236483252,4.425245391735259,-0.0,-0.0
18.047818558874706,-0.0,-0.0,-0.0,2.9381182100445034,0.0009964583924213215,0.012916525621009345,0.018306424404262056,0.0004839082921798307,5.699328112522137,-0.0,-0.0
18.069731635154895,-0.0,-0.0,-0.0,2.9381182100445034,0.0008452881691590144,0.007330872970321123,0.017220665355810995,0.0004373298493678654,3.8216973168519974,-0.0,-0.0
18.091600365273145,0.03240576064156687,1.732518531490391,4.3427013062435535e-05,0.0,0.0,-0.0,0.0,-0.0,0.0,-0.0,-0.0
18.113424974178812,0.09710784940380748,1.6454983058005774,0.00024733164393711006,2.9381182100445034,0.0011379798019667757,0.010307335681268149,0.015374411095232968,0.00046330595582386804,3.241938500531646,-0.0,-0.0
18.135205684998507,-0.0,-0.0,0.0002071551426131859,2.9381182100445034,0.0010704328347087592,0.009952039574598726,0.019276877002858794,0.0004727589393250334,3.241938500531646,-0.0,-0.0
18.156942719056374,-0.0,-0.0,-0.0,2.9381182100445034,0.0011130817912797847,0.01880138369456357,0.016523345299467276,0.0004972252089111889,6.367991967873497,-0.0,-0.0
18.178636295894062,-0.0,-0.0,0.00013248669571348364,2.9381182100445034,0.0007586169630014152,0.003017360937361944,0.011666987381035184,0.00046125256371782784,5.051452865541539,-0.0,-0.0
18.2002866332904,-0.0,-0.0,-0.0,1.9684064693905472,0.0010100308878269425,0.012201218581832258,0.019199327212000086,0.0004664338350953707,6.367991967873497,-0.0,-0.0
18.22189394728083,-0.0,-0.0,0.0001988072177040303,3.9018155708377016,0.0009553461224611033,0.016489338390176477,0.017064050022219317,0.0004854406286032472,3.528767361861692,-0.0,-0.0
18.24345845217655,0.10125116552719414,1.6364621639948487,-0.0,2.9381182100445034,0.0011267081901222217,0.016456439780578532,0.01517009753873575,0.0005019252371125262,6.367991967873497,-0.0,-0.0
18.26498036058339,-0.0,-0.0,-0.0,2.9381182100445034,0.0009198658492601842,0.016824156783835323,0.01323389805658587,0.0004534251185748224,3.241938500531646,-0.0,-0.0
18.28645988342042,-0.0,-0.0,-0.0,0.0,0.0,-0.0,0.0,-0.0,0.0,-0.0,-0.0
18.307897229938327,-0.0,-0.0,-0.0,0.0,0.0,-0.0,0.0,-0.0,0.0,-0.0,-0.0
18.32929260773749,0.07195114246348452,1.6262019637911607,0.0002907901942637511,0.9905463345437587,0.0010182840630689398,-0.0,0.015724566923001795,0.0004001083251097202,4.425245391735259,-0.0,-0.0
18.35064622278586,-0.0,-0.0,-0.0,2.9381182100445034,0.0010805346152547982,0.008209321295680019,0.016275515714280656,0.0004518529478941427,3.241938500531646,-0.0,-0.0
18.371958279436562,0.00885359720235619,-0.0,-0.0,0.0,0.0,-0.0,0.0,-0.0,0.0,-0.0,-0.0
18.39322898044526,-0.0,-0.0,-0.0,0.0,0.0,-0.0,0.0,-0.0,0.0,-0.0,-0.0
18.414458526987296,0.08282989021184466,1.6377818497078307,-0.0,2.9381182100445034,0.001037524553634253,0.0034805012669736077,0.014946723568060604,0.0004817144733941865,3.8216973168519974,-0.0,-0.0
18.43564711867456,-0.0,-0.0,-0.0,2.9381182100445034,0.0010738409574032038,0.016243412161800776,0.018193792200472073,0.0004925232470664414,5.051452865541539,-0.0,-0.0
18.456794953572206,0.006097905111897689,-0.0,0.000184016367315191,0.0,0.0,-0.0,0.0,-0.0,0.0,-0.0,-0.0
18.477902228215054,-0.0,-0.0,-0.0,0.0,0.0,-0.0,0.0,-0.0,0.0,-0.0,-0.0
18.49896913762384,-0.0,-0.0,-0.0,2.9381182100445034,0.0009763346076764097,0.011472984010040257,0.015941176128446116,0.00048490564782800147,4.425245391735259,-0.0,-0.0
18.519995875321182,-0.0,-0.0,-0.0,1.9684064693905472,0.0008698917024318461,-0.0,0.015808892030455927,0.0004627672480191217,5.372739346809177,-0.0,-0.0
18.54098263334741,-0.0,-0.0,-0.0,2.9381182100445034,0.000899672938734488,0.00693682214061315,0.015574637147364989,0.0004796912313754437,3.8216973168519974,-0.0,-0.0
18.561929602276123,-0.0,-0.0,-0.0,0.9905463345437587,0.0010009450217596159,-0.0,0.020275647289968068,0.00040747066691863853,4.425245391735259,-0.0,-0.0
18.582836971229554,0.07777049532604122,1.5650177664531224,-0.0,0.0,0.0,-0.0,0.0,-0.0,0.0,-0.0,-0.0
18.603704927893737,-0.0,-0.0,-0.0,0.0,0.0,-0.0,0.0,-0.0,0.0,-0.0,-0.0
18.624533658533473,-0.0,-0.0,-0.0,0.9905463345437587,0.0009917965854538261,-0.0,0.01695917222384126,0.0003911913530823695,4.425245391735259,-0.0,-0.0
18.6453233480071,-0.0,-0.0,-0.0,2.9381182100445034,0.0010827957977405517,0.008534136925241196,0.015513641563063738,0.0004663019836461147,3.8216973168519974,-0.0,-0.0
18.66607417978106,-0.0,-0.0,-0.0,0.9905463345437587,0.0010036484099239923,-0.0,0.016419184712992186,0.000402441246038379,4.425245391735259,-0.0,-0.0
18.686786335944266,0.009601767231017822,-0.0,0.00015054093802983066,3.9018155708377016,0.0011001427037401889,0.01650126313590366,0.013573035341905735,0.0005106973021315166,4.425245391735259,-0.0,-0.0
18.707459997222312,-0.0,-0.0,0.00016792395623475254,2.9381182100445034,0.0006524637734476149,0.0037208628841843335,0.016802025946877904,0.0003032659215628853,3.241938500531646,-0.0,-0.0
18.728095342991473,0.08147745769332614,-0.0,-0.0,2.9381182100445034,0.000748910396397992,0.015503488035491736,0.016341117399698894,0.0003289491498955593,4.425245391735259,-0.0,-0.0
18.74869255129251,-0.0,-0.0,0.00018925661766969667,2.9381182100445034,0.0009081020677362779,0.015718548427078805,0.010506741099181174,0.0005114233788361466,5.699328112522137,-0.0,-0.0
18.76925179884434,-0.0,-0.0,0.0002816398554369794,2.9381182100445034,0.0009049963137649763,0.01698132839023531,0.015518651607564396,0.0004752220513382815,5.051452865541539,-0.0,-0.0
18.789773261057476,-0.0,-0.0,-0.0,2.9381182100445034,0.000667426509652641,0.012784557367206587,0.01570020045734036,0.00030677401601882076,4.425245391735259,-0.0,-0.0
18.810257112047335,-0.0,-0.0,-0.0,2.9381182100445034,0.0008149281758922632,0.0043090030757519885,0.016061008642719334,0.0004314032053009948,3.8216973168519974,-0.0,-0.0
18.830703524647348,-0.0,-0.0,-0.0,1.9684064693905472,0.0007874021450115984,0.0025885066107936006,0.017688354327898392,0.00040403110561602624,3.528767361861692,-0.0,-0.0
18.851112670421927,0.09392815334953847,1.6677312190901408,0.00013944591047245194,0.9905463345437587,0.0007277511005058019,-0.0,0.011574155208551365,0.00039241546020225447,4.425245391735259,-0.0,-0.0
18.871484719679223,0.02607092194932448,1.3873672018379224,0.00018132541401089613,2.9381182100445034,0.0008732401678103908,0.015101869482948373,0.011166502186976299,0.00047183872948520903,4.425245391735259,0.0011249230632950713,-0.0
18.891819841483773,-0.0,-0.0,-0.0,0.9905463345437587,0.0005876355143294179,-0.0,0.016147919064714616,0.0002732889429317229,4.425245391735259,-0.0,-0.0
18.91211820366895,0.04430530177540738,1.6844739085264997,0.00015387749748538632,0.0,0.0,-0.0,0.0,-0.0,0.0,-0.0,-0.0
18.932379972849258,0.10060446871793295,1.6589529196976704,-0.0,0.0,0.0,-0.0,0.0,-0.0,0.0,-0.0,-0.0
18.9526053144325,0.03814941768063994,-0.0,9.65049388299358e-05,0.9905463345437587,0.0009601646876473164,-0.0,0.015752755696284638,0.00041445232535733563,4.425245391735259,-0.0,-0.0
18.972794392631734,0.01578699688835005,1.7444112423689582,2.446449078910876e-05,1.9684064693905472,0.0007797263579603621,0.0009460427716461745,0.017069635654934693,0.00040229643570377667,3.528767361861692,-0.0,-0.0
18.992947370477154,0.14056360134463294,-0.0,-0.0,2.9381182100445034,0.0007568193990966111,0.004514714762242938,0.011308546991231483,0.0004666733538994522,3.241938500531646,-0.0,-0.0
19.01306440982776,-0.0,-0.0,0.0002173976597977396,2.9381182100445034,0.0009023774363953931,0.015472768135975234,0.014565906440714968,0.0004842429419822734,5.051452865541539,-0.0,-0.0
19.033145671382897,-0.0,-0.0,-0.0,2.9381182100445034,0.0008597119197728081,0.008534136925241196,0.016372808707575053,0.00044159439239879896,3.241938500531646,-0.0,-0.0
19.05319131469367,0.0007340463936054956,-0.0,4.249219854386581e-05,0.9905463345437587,0.0007836645324624689,-0.0,0.01646543943542038,0.00038320136558639,4.425245391735259,-0.0,-0.0
19.073201498174203,0.07435700911165495,1.5980741159131486,0.0002742868606662539,0.9905463345437587,0.0007962079294394314,-0.0,0.010476775544721605,0.00042437531294045144,4.425245391735259,-0.0,-0.0
19.093176379112744,0.03171694978053243,1.7218614427713632,8.464671039036315e-05,3.9018155708377016,0.0007768772487804324,0.013611393028722614,0.01157103745939928,0.0004897369793672033,4.892833002497415,0.0010448421958083776,-0.0
19.11311611368265,-0.0,-0.0,0.00014337721772876504,2.9381182100445034,0.0008063640154533241,0.012646284870272282,0.010264669962545811,0.00047312613162652206,4.425245391735259,0.0011249230632950713,-0.0
19.133020856953245,-0.0,-0.0,8.329135041498639e-05,2.9381182100445034,0.0008605643441869738,0.01978775026037013,0.009769308102526266,0.0004913017552777172,5.051452865541539,0.0011249230632950713,-0.0
19.15289076290051,0.03968576171495862,-0.0,-0.0,0.0,0.0,-0.0,0.0,-0.0,0.0,-0.0,-0.0
19.172725984417664,0.10279639882714654,1.6192978340536166,-0.0,0.0,0.0,-0.0,0.0,-0.0,0.0,-0.0,-0.0
19.192526673325634,0.1802015552742257,1.4862484262842595,0.000239529301527574,0.0,0.0,-0.0,0.0,-0.0,0.0,-0.0,-0.0
19.21229298038335,-0.0,-0.0,0.0002212210548909907,0.0,0.0,-0.0,0.0,-0.0,0.0,-0.0,-0.0
19.23202505529794,-0.0,-0.0,-0.0,2.9381182100445034,0.0005960248643849557,0.006445181778719992,0.009909364313764393,0.00042894994420852216,3.8216973168519974,-0.0,-0.0
19.251723046734828,-0.0,-0.0,0.0002665141220814435,2.9381182100445034,0.000655484836520789,0.006430499300329395,0.016946541981788892,0.00027645388359451664,2.1592216989386643,-0.0,-0.0
19.271387102327644,-0.0,-0.0,7.911284497070832e-05,0.9905463345437587,0.000596038177555681,-0.0,0.016486887214780574,0.000251203142717689,4.425245391735259,-0.0,-0.0
19.291017368688074,0.0035490683347676045,-0.0,0.0001389067178481041,0.9905463345437587,0.0005955886600912827,-0.0,0.01647083104613668,0.000251203142717689,4.425245391735259,-0.0,-0.0
19.310613991415572,-0.0,-0.0,8.350393984124961e-05,2.9381182100445034,0.0007477501306655339,0.012477970629221374,0.010503236844302724,0.0004591905823134855,4.425245391735259,-0.0,-0.0
19.330177115106924,0.06080604732416236,1.7190650735454214,-0.0,1.9684064693905472,0.0005602035051407942,-0.0,0.010298450860886607,0.00039839884469573757,4.425245391735259,-0.0,-0.0
19.34970688336575,-0.0,-0.0,0.00012319358626169342,2.9381182100445034,0.0006181723827769756,0.010751857201612222,0.009506596218029696,0.0004302707706985867,4.425245391735259,-0.0,-0.0
19.369203438811862,-0.0,-0.0,-0.0,2.9381182100445034,0.0005691718010122863,0.0034805012669736077,0.00971287086554492,0.0003988841763359815,2.68727185080434,-0.0,-0.0
19.388666923090494,-0.0,-0.0,-0.0,0.0,0.0,-0.0,0.0,-0.0,0.0,-0.0,-0.0
19.408097476881466,-0.0,-0.0,9.399548699895486e-05,0.0,0.0,-0.0,0.0,-0.0,0.0,-0.0,-0.0
19.4274952399082,0.10741648315354373,1.616424604337968,-0.0,0.9905463345437587,0.0007234189052977989,-0.0,0.012187360431049002,0.00040273044652281467,4.425245391735259,-0.0,-0.0
19.446860350946647,-0.0,-0.0,-0.0,0.0,0.0,-0.0,0.0,-0.0,0.0,-0.0,-0.0
19.466192947834102,0.00047738297227665295,-0.0,-0.0,0.0,0.0,-0.0,0.0,-0.0,0.0,-0.0,-0.0
19.485493167477923,-0.0,-0.0,-0.0,0.9905463345437587,0.00048476972952466417,-0.0,0.008986097985922363,0.0003498044152474855,4.425245391735259,-0.0,-0.0
19.504761145864133,-0.0,-0.0,0.00021401373024246712,0.0,0.0,-0.0,0.0,-0.0,0.0,-0.0,-0.0
19.52399701806594,-0.0,-0.0,8.483966002953376e-05,0.0,0.0,-0.0,0.0,-0.0,0.0,-0.0,-0.0
19.543200918252133,-0.0,-0.0,0.0001352113103705491,2.9381182100445034,0.0007703407414107197,0.007503699906524668,0.010602300190047218,0.0004836322805068463,5.051452865541539,-0.0,-0.0
19.562372979695404,0.05074068099055495,-0.0,0.0001342877365930072,0.0,0.0,-0.0,0.0,-0.0,0.0,-0.0,-0.0
19.58151333478056,-0.0,-0.0,-0.0,0.0,0.0,-0.0,0.0,-0.0,0.0,-0.0,-0.0
19.600622115012637,0.06998695627554534,1.5524704060311374,0.00015470782549335387,0.0,0.0,-0.0,0.0,-0.0,0.0,-0.0,-0.0
19.619699451024925,0.025024656837648575,1.6888528704822874,0.00024108920747610712,0.0,0.0,-0.0,0.0,-0.0,0.0,-0.0,-0.0
19.638745472586905,-0.0,-0.0,-0.0,2.9381182100445034,0.0007884754533725422,0.003280839043142814,0.008897995550692673,0.0004986326680729209,5.051452865541539,-0.0,-0.0
19.65776030861208,0.19396774514804208,-0.0,-0.0,3.9018155708377016,0.0007869491164903025,0.02228692900419159,0.009276440426252138,0.0005063216965156995,4.892833002497415,-0.0,-0.0
19.676744087165734,-0.0,-0.0,0.00015503209960212737,2.9381182100445034,0.0007827242850487086,0.00801765644355641,0.009957887305866426,0.0004938094618077236,5.051452865541539,-0.0,-0.0
19.695696935472583,-0.0,-0.0,-0.0,3.9018155708377016,0.0007683019890840606,0.005602852187789253,0.010645552714104677,0.00048744604484975975,4.892833002497415,0.0010448421958083776,-0.0
19.71461897992435,0.18140760782382204,1.71861611102774,-0.0,0.0,0.0,-0.0,0.0,-0.0,0.0,-0.0,-0.0
19.733510346087254,0.1665116635042964,1.6333234430414294,-0.0,0.0,0.0,-0.0,0.0,-0.0,0.0,-0.0,-0.0
19.7523711587094,0.15147542977278836,-0.0,-0.0,2.9381182100445034,0.00042650583387539987,0.0034805012669736077,0.00894229984245382,0.0003134994687662365,3.241938500531646,0.0011249230632949406,-0.0
19.77120154172812,0.15420897132485278,-0.0,-0.0,0.9905463345437587,0.0003730607649594497,-0.0,0.008347156378414197,0.0002816362875923654,4.425245391735259,-0.0,-0.0
19.790001618277174,-0.0,-0.0,-0.0,2.9381182100445034,0.0004590991262259409,6.0928506928007245e-05,0.00974862296124643,0.0003233483353532155,4.425245391735259,0.0011249230632949406,-0.0
19.80877151069391,-0.0,-0.0,-0.0,2.9381182100445034,0.0004635057021738475,0.008877074514014172,0.008973083726714614,0.0003301839249745917,7.05665819024507,0.0011249230632949406,-0.0
19.82751134052635,-0.0,-0.0,-0.0,0.0,0.0,-0.0,0.0,-0.0,0.0,-0.0,-0.0
19.846221228540166,0.04634673544981374,1.7606338393766936,-0.0,2.9381182100445034,0.0007666277899025287,0.0026875861151514358,0.011770756707921154,0.0004711547031155104,6.367991967873497,0.001119177456891532,-0.0
19.8649012947256,-0.0,-0.0,-0.0,0.0,0.0,-0.0,0.0,-0.0,0.0,-0.0,-0.0
19.88355165830428,-0.0,-0.0,-0.0,0.0,0.0,-0.0,0.0,-0.0,0.0,-0.0,-0.0
19.902172437736006,-0.0,-0.0,-0.0,2.9381182100445034,0.00048166984537875013,0.006430499300329395,0.00938803162542973,0.00031979666821424496,4.425245391735259,-0.0,-0.0
19.92076375072541,-0.0,-0.0,-0.0,0.9905463345437587,0.0004390280477514082,-0.0,0.009266978265519834,0.0002867513994685597,4.425245391735259,-0.0,-0.0
19.93932571422856,-0.0,-0.0,-0.0,2.9381182100445034,0.0006285615313255573,0.003149533928229501,0.008756896128248532,0.0004745837289943271,5.051452865541539,-0.0,-0.0
19.957858444459525,0.04772797990765235,1.7656704677155164,2.3134969560133276e-05,3.9018155708377016,0.0006274810207418293,2.0327404355162147e-05,0.00964300356329441,0.0004519179979036912,3.528767361861692,-0.0,0.005858782514084774
19.9763620568968,-0.0,-0.0,-0.0,6.7673547414063036,0.000504955344356129,0.019266220221422388,0.008960081305452356,0.0003604360940025624,3.4050841006904857,-0.0,-0.0
19.99483666628973,0.05230507339282425,1.750667176985686,-0.0,0.0,0.0,-0.0,0.0,-0.0,0.0,-0.0,-0.0
20.01328238666479,0.0883167083922711,-0.0,-0.0,2.9381182100445034,0.0004508135915778694,0.0034805012669736077,0.008689258491660105,0.0003301457231108333,5.699328112522137,-0.0,-0.0
20.031699331331875,0.11333110706481438,1.684464466578292,8.848095955188269e-05,0.0,0.0,-0.0,0.0,-0.0,0.0,-0.0,-0.0
20.05008761289046,-0.0,-0.0,-0.0,0.0,0.0,-0.0,0.0,-0.0,0.0,-0.0,-0.0
20.068447343235718,-0.0,-0.0,-0.0,0.0,0.0,-0.0,0.0,-0.0,0.0,-0.0,-0.0
20.086778633564574,-0.0,-0.0,-0.0,0.0,0.0,-0.0,0.0,-0.0,0.0,-0.0,-0.0
20.105081594381666,-0.0,-0.0,-0.0,0.9905463345437587,0.0005032548446711085,-0.0,0.009891893465461503,0.0003194016399518823,13.212841521527926,-0.0,-0.0
20.123356335505285,0.11934641518477776,-0.0,-0.0,0.0,0.0,-0.0,0.0,-0.0,0.0,-0.0,-0.0
20.141602966073215,-0.0,-0.0,-0.0,0.9905463345437587,0.0005043059624637584,-0.0,0.009916101083406775,0.0003194016399518823,13.212841521527926,-0.0,-0.0
20.159821594548525,-0.0,-0.0,-0.0,2.9381182100445034,0.0005315495923065459,0.020285478278666804,0.008580576121406065,0.0003707674800837308,5.699328112522137,-0.0,-0.0
20.17801232872528,0.09681313610072989,1.6109404392547166,-0.0,2.9381182100445034,0.0005116782828640103,0.0034805012669736077,0.008219997873868436,0.0003707674800837308,5.699328112522137,-0.0,-0.0
20.196175275734237,0.142884427860518,-0.0,4.202018415141787e-05,0.9905463345437587,0.0004224037009358144,-0.0,0.008852670383898942,0.0002951236251724689,4.425245391735259,-0.0,-0.0
20.214310542048413,0.09262775720728869,1.739364737805,7.745545004523625e-05,0.0,0.0,-0.0,0.0,-0.0,0.0,-0.0,-0.0
20.232418233488655,-0.0,-0.0,-0.0,1.9684064693905472,0.0007815682465900929,0.0001923889556798259,0.010065387497927063,0.00046297444796014137,5.372739346809177,-0.0,-0.0
20.25049845522911,-0.0,-0.0,-0.0,0.9905463345437587,0.00042789337633026875,-0.0,0.00899187710881476,0.0002867513994685597,4.425245391735259,-0.0,-0.0
20.268551311802646,0.07906554382377252,-0.0,-0.0,3.9018155708377016,0.0007822628413539278,0.02197751542777051,0.010494613997022752,0.0004675855749462401,3.528767361861692,-0.0,-0.0
20.286576907106237,0.007790112005684629,-0.0,4.5321984011086855e-05,1.9684064693905472,0.0006224774440704639,0.0017219988700497425,0.008008777895130525,0.0004750014192501383,5.372739346809177,-0.0,-0.0
20.304575344406256,0.09708059595434884,1.720144907672986,-0.0,0.9905463345437587,0.0005620986375223612,-0.0,0.008276786584528323,0.00040344085674276487,6.367991967873497,-0.0,-0.0
20.322546726343745,0.08688873701879075,1.5644715209863354,0.00024723588937732217,2.9381182100445034,0.0005357391794146621,0.021444814000023595,0.007766283167502762,0.00040836185160610295,5.051452865541539,-0.0,-0.0
20.340491154939592,0.10298524757763027,1.7354861427524917,-0.0,0.0,0.0,-0.0,0.0,-0.0,0.0,-0.0,-0.0
20.358408731599692,-0.0,-0.0,4.4577568595101195e-05,0.0,0.0,-0.0,0.0,-0.0,0.0,-0.0,-0.0
20.37629955712004,0.1114210921246568,1.7044695343290612,-0.0,0.9905463345437587,0.0005068318485375006,-0.0,0.009065135530023173,0.0003276122118332229,4.425245391735259,-0.0,-0.0
20.394163731691737,0.05184907060797076,1.6872755972641258,0.00010910502431276867,0.9905463345437587,0.00048428615344370707,-0.0,0.008604512455907279,0.0003276122118332229,4.425245391735259,-0.0,-0.0
20.412001354906014,-0.0,-0.0,-0.0,0.0,0.0,-0.0,0.0,-0.0,0.0,-0.0,-0.0
